probe,gene
121_at,PAX8
1255_g_at,GUCA1A
1294_at,UBA7
1316_at,THRA
1405_i_at,CCL5
1431_at,CYP2E1
1438_at,EPHB3
1487_at,ESRRA
1494_f_at,CYP2A6
160020_at,MMP14
1729_at,TRADD
1861_at,BAD
200001_at,CAPNS1
200006_at,PARK7
200016_x_at,HNRNPA1
200017_at,RPS27A
200027_at,NARS
200033_at,DDX5
200039_s_at,PSMB2
200040_at,KHDRBS1
200046_at,DAD1
200047_s_at,YY1
200049_at,KAT7
200057_s_at,NONO
200058_s_at,SNRNP200
200063_s_at,NPM1
200065_s_at,ARF1
200068_s_at,CANX
200075_s_at,GUK1
200077_s_at,OAZ1
200078_s_at,ATP6V0B
200079_s_at,KARS
200081_s_at,RPS6
200085_s_at,TCEB2
200094_s_at,EEF2
200096_s_at,ATP6V0E1
200098_s_at,ANAPC5
200595_s_at,EIF3A
200598_s_at,HSP90B1
200600_at,MSN
200601_at,ACTN4
200602_at,APP
200603_at,PRKAR1A
200610_s_at,NCL
200613_at,AP2M1
200614_at,CLTC
200622_x_at,CALM2
200622_x_at,CALM3
200625_s_at,CAP1
200627_at,PTGES3
200628_s_at,WARS
200630_x_at,SET
200632_s_at,NDRG1
200633_at,UBB
200634_at,PFN1
200635_s_at,PTPRF
200638_s_at,YWHAZ
200642_at,SOD1
200645_at,GABARAP
200648_s_at,GLUL
200650_s_at,LDHA
200651_at,GNB2L1
200653_s_at,CALM1
200653_s_at,CALM2
200667_at,UBE2D3
200670_at,XBP1
200671_s_at,SPTBN1
200675_at,CD81
200676_s_at,UBE2L3
200679_x_at,HMGB1
200681_at,GLO1
200695_at,PPP2R1A
200697_at,HK1
200698_at,KDELR2
200703_at,DYNLL1
200708_at,GOT2
200709_at,FKBP1A
200710_at,ACADVL
200711_s_at,SKP1
200726_at,PPP1CC
200730_s_at,PTP4A1
200736_s_at,GPX1
200739_s_at,SUMO3
200744_s_at,GNB1
200748_s_at,FTH1
200752_s_at,CAPN1
200753_x_at,SRSF2
200762_at,DPYSL2
200766_at,CTSD
200770_s_at,LAMC1
200779_at,ATF4
200780_x_at,GNAS
200786_at,PSMB7
200789_at,ECH1
200790_at,ODC1
200791_s_at,IQGAP1
200792_at,XRCC6
200793_s_at,ACO2
200796_s_at,MCL1
200799_at,HSPA1A
200799_at,HSPA1B
200801_x_at,ACTB
200802_at,SARS
200808_s_at,ZYX
200813_s_at,PAFAH1B1
200814_at,PSME1
200822_x_at,TPI1
200824_at,GSTP1
200827_at,PLOD1
200831_s_at,SCD
200833_s_at,RAP1B
200838_at,CTSB
200841_s_at,EPRS
200844_s_at,PRDX6
200846_s_at,PPP1CA
200848_at,AHCYL1
200854_at,NCOR1
200859_x_at,FLNA
200862_at,DHCR24
200863_s_at,RAB11A
200876_s_at,PSMB1
200877_at,CCT4
200878_at,EPAS1
200880_at,DNAJA1
200882_s_at,PSMD4
200884_at,CKB
200885_at,RHOC
200886_s_at,PGAM1
200887_s_at,STAT1
200903_s_at,AHCY
200904_at,HLA-E
200924_s_at,SLC3A2
200930_s_at,VCL
200932_s_at,DCTN2
200935_at,CALR
200943_at,HMGN1
200946_x_at,GLUD1
200950_at,ARPC1A
200951_s_at,CCND2
200954_at,ATP6V0C
200958_s_at,SDCBP
200961_at,SEPHS2
200965_s_at,ABLIM1
200966_x_at,ALDOA
200967_at,PPIB
200974_at,ACTA2
200975_at,PPT1
200978_at,MDH1
200983_x_at,CD59
200986_at,SERPING1
200987_x_at,PSME3
200989_at,HIF1A
200996_at,ACTR3
201000_at,AARS
201004_at,SSR4
201005_at,CD9
201007_at,HADHB
201011_at,RPN1
201012_at,ANXA1
201013_s_at,PAICS
201015_s_at,JUP
201016_at,EIF1AX
201020_at,YWHAH
201024_x_at,EIF5B
201028_s_at,CD99
201030_x_at,LDHB
201035_s_at,HADH
201037_at,PFKP
201038_s_at,ANP32A
201040_at,GNAI2
201041_s_at,DUSP1
201042_at,TGM2
201050_at,PLD3
201058_s_at,MYL9
201072_s_at,SMARCC1
201082_s_at,DCTN1
201087_at,PXN
201088_at,KPNA2
201089_at,ATP6V1B2
201092_at,RBBP7
201093_x_at,SDHA
201102_s_at,PFKL
201106_at,GPX4
201107_s_at,THBS1
201114_x_at,PSMA7
201115_at,POLD2
201116_s_at,CPE
201124_at,ITGB5
201126_s_at,MGAT1
201127_s_at,ACLY
201130_s_at,CDH1
201135_at,ECHS1
201137_s_at,HLA-DPB1
201138_s_at,SSB
201142_at,EIF2S1
201147_s_at,TIMP3
201160_s_at,YBX3
201167_x_at,ARHGDIA
201169_s_at,BHLHE40
201173_x_at,NUDC
201174_s_at,TERF2IP
201177_s_at,UBA2
201179_s_at,GNAI3
201182_s_at,CHD4
201186_at,LRPAP1
201187_s_at,ITPR3
201196_s_at,AMD1
201202_at,PCNA
201209_at,HDAC1
201212_at,LGMN
201218_at,CTBP2
201221_s_at,SNRNP70
201231_s_at,ENO1
201234_at,ILK
201235_s_at,BTG2
201247_at,SREBF2
201249_at,SLC2A1
201251_at,PKM
201252_at,PSMC4
201253_s_at,CDIPT
201263_at,TARS
201268_at,NME1-NME2
201268_at,NME2
201272_at,AKR1B1
201274_at,PSMA5
201275_at,FDPS
201286_at,SDC1
201289_at,CYR61
201293_x_at,PPIA
201300_s_at,PRNP
201313_at,ENO2
201316_at,PSMA2
201318_s_at,MYL12A
201318_s_at,MYL12B
201328_at,ETS2
201330_at,RARS
201331_s_at,STAT6
201336_at,VAMP3
201338_x_at,GTF3A
201339_s_at,SCP2
201342_at,SNRPC
201346_at,ADIPOR2
201347_x_at,GRHPR
201348_at,GPX3
201349_at,SLC9A3R1
201350_at,FLOT2
201370_s_at,CUL3
201374_x_at,PPP2CB
201388_at,PSMD3
201389_at,ITGA5
201390_s_at,CSNK2B
201397_at,PHGDH
201400_at,PSMB3
201401_s_at,ADRBK1
201403_s_at,MGST3
201407_s_at,PPP1CB
201415_at,GSS
201420_s_at,WDR77
201425_at,ALDH2
201432_at,CAT
201433_s_at,PTDSS1
201435_s_at,EIF4E
201438_at,COL6A3
201439_at,GBF1
201440_at,DDX23
201451_x_at,LOC642862
201460_at,MAPKAPK2
201463_s_at,TALDO1
201464_x_at,JUN
201467_s_at,NQO1
201469_s_at,SHC1
201471_s_at,SQSTM1
201473_at,JUNB
201474_s_at,ITGA3
201475_x_at,MARS
201476_s_at,RRM1
201478_s_at,DKC1
201481_s_at,PYGB
201498_at,USP7
201502_s_at,NFKBIA
201505_at,LAMB1
201509_at,IDH3B
201516_at,SRM
201522_x_at,SNRPN
201522_x_at,SNURF
201523_x_at,UBE2N
201526_at,ARF5
201527_at,ATP6V1F
201528_at,RPA1
201530_x_at,EIF4A1
201530_x_at,SENP3-EIF4A1
201532_at,PSMA3
201536_at,DUSP3
201542_at,SAR1A
201544_x_at,BCL2L2-PABPN1
201544_x_at,PABPN1
201550_x_at,ACTG1
201555_at,MCM3
201556_s_at,VAMP2
201562_s_at,SORD
201565_s_at,ID2
201571_s_at,DCTD
201575_at,SNW1
201576_s_at,GLB1
201577_at,NME1
201579_at,FAT1
201585_s_at,SFPQ
201596_x_at,KRT18
201598_s_at,INPPL1
201599_at,OAT
201601_x_at,IFITM1
201601_x_at,IFITM2
201602_s_at,PPP1R12A
201612_at,ALDH9A1
201614_s_at,RUVBL1
201620_at,MBTPS1
201623_s_at,DARS
201638_s_at,CPSF1
201642_at,IFNGR2
201644_at,TSTA3
201645_at,TNC
201649_at,UBE2L6
201650_at,KRT19
201652_at,COPS5
201654_s_at,HSPG2
201656_at,ITGA6
201660_at,ACSL3
201663_s_at,SMC4
201666_at,TIMP1
201667_at,GJA1
201668_x_at,MARCKS
201673_s_at,GYS1
201676_x_at,PSMA1
201693_s_at,EGR1
201695_s_at,PNP
201697_s_at,DNMT1
201704_at,ENTPD6
201711_x_at,RANBP2
201718_s_at,EPB41L2
201739_at,SGK1
201743_at,CD14
201746_at,TP53
201755_at,MCM5
201761_at,MTHFD2
201762_s_at,PSME2
201763_s_at,DAXX
201770_at,SNRPA
201774_s_at,NCAPD2
201781_s_at,AIP
201783_s_at,RELA
201786_s_at,ADAR
201790_s_at,DHCR7
201796_s_at,VARS
201805_at,PRKAG1
201808_s_at,ENG
201810_s_at,SH3BP5
201833_at,HDAC2
201834_at,PRKAB1
201840_at,NEDD8
201841_s_at,HSPB1
201847_at,LIPA
201848_s_at,BNIP3
201852_x_at,COL3A1
201853_s_at,CDC25B
201860_s_at,PLAT
201864_at,GDI1
201865_x_at,NR3C1
201874_at,MPZL1
201876_at,PON2
201882_x_at,B4GALT1
201887_at,IL13RA1
201890_at,RRM2
201891_s_at,B2M
201892_s_at,IMPDH2
201893_x_at,DCN
201895_at,ARAF
201897_s_at,CKS1B
201898_s_at,UBE2A
201900_s_at,AKR1A1
201904_s_at,CTDSPL
201907_x_at,DVL3
201913_s_at,COASY
201930_at,MCM6
201944_at,HEXB
201945_at,FURIN
201954_at,ARPC1B
201956_s_at,GNPAT
201961_s_at,RNF41
201963_at,ACSL1
201968_s_at,PGM1
201971_s_at,ATP6V1A
201979_s_at,PPP5C
201995_at,EXT1
201998_at,ST6GAL1
201999_s_at,DYNLT1
202002_at,ACAA2
202004_x_at,SDHC
202011_at,TJP1
202012_s_at,EXT2
202014_at,PPP1R15A
202017_at,EPHX1
202022_at,ALDOC
202023_at,EFNA1
202025_x_at,ACAA1
202026_at,SDHD
202028_s_at,RPL38
202032_s_at,MAN2A2
202035_s_at,SFRP1
202042_at,HARS
202043_s_at,SMS
202044_at,ARHGAP35
202053_s_at,ALDH3A2
202055_at,KPNA1
202067_s_at,LDLR
202069_s_at,IDH3A
202071_at,SDC4
202075_s_at,PLTP
202076_at,BIRC2
202085_at,TJP2
202087_s_at,CTSL
202098_s_at,PRMT2
202100_at,RALB
202107_s_at,MCM2
202109_at,ARFIP2
202112_at,VWF
202116_at,DPF2
202117_at,ARHGAP1
202123_s_at,ABL1
202139_at,AKR7A2
202144_s_at,ADSL
202148_s_at,PYCR1
202153_s_at,NUP62
202154_x_at,TUBB3
202155_s_at,NUP214
202159_at,FARSA
202160_at,CREBBP
202161_at,PKN1
202169_s_at,AASDHPPT
202175_at,CHPF
202182_at,KAT2A
202185_at,PLOD3
202189_x_at,PTBP1
202190_at,CSTF1
202193_at,LIMK2
202201_at,BLVRB
202202_s_at,LAMA4
202205_at,VASP
202210_x_at,GSK3A
202211_at,ARFGAP3
202218_s_at,FADS2
202221_s_at,EP300
202222_s_at,DES
202224_at,CRK
202237_at,NNMT
202240_at,PLK1
202243_s_at,PSMB4
202245_at,LSS
202246_s_at,CDK4
202248_at,E2F4
202260_s_at,STXBP1
202265_at,BMI1
202267_at,LAMC2
202268_s_at,NAE1
202273_at,PDGFRB
202274_at,ACTG2
202275_at,G6PD
202282_at,HSD17B10
202284_s_at,CDKN1A
202288_at,MTOR
202299_s_at,LAMTOR5
202303_x_at,SMARCA5
202304_at,FNDC3A
202306_at,POLR2G
202307_s_at,TAP1
202309_at,MTHFD1
202313_at,PPP2R2A
202314_at,CYP51A1
202314_at,LRRD1
202315_s_at,BCR
202320_at,GTF3C1
202321_at,GGPS1
202325_s_at,ATP5J
202326_at,EHMT2
202329_at,CSK
202331_at,BCKDHA
202332_at,CSNK1E
202332_at,LOC400927-CSNK1E
202340_x_at,NR4A1
202346_at,UBE2K
202351_at,ITGAV
202352_s_at,PSMD12
202354_s_at,GTF2F1
202357_s_at,CFB
202366_at,ACADS
202370_s_at,CBFB
202372_at,RAB3GAP2
202382_s_at,GNPDA1
202387_at,BAG1
202389_s_at,HTT
202390_s_at,HTT
202390_s_at,MSANTD1
202392_s_at,PISD
202397_at,NUTF2
202400_s_at,SRF
202402_s_at,CARS
202403_s_at,COL1A2
202405_at,TIAL1
202417_at,KEAP1
202424_at,MAP2K2
202425_x_at,PPP3CA
202426_s_at,RXRA
202428_x_at,DBI
202431_s_at,MYC
202432_at,PPP3CB
202434_s_at,CYP1B1
202438_x_at,IDS
202443_x_at,NOTCH2
202447_at,DECR1
202455_at,HDAC5
202463_s_at,MBD3
202464_s_at,PFKFB3
202467_s_at,COPS2
202471_s_at,IDH3G
202472_at,MPI
202481_at,DHRS3
202484_s_at,MBD2
202493_x_at,CSH1
202493_x_at,CSHL1
202502_at,ACADM
202513_s_at,PPP2R5D
202521_at,CTCF
202530_at,MAPK14
202531_at,IRF1
202532_s_at,DHFR
202533_s_at,DHFR
202533_s_at,DHFRP1
202535_at,FADD
202539_s_at,HMGCR
202545_at,PRKCD
202554_s_at,GSTM3
202565_s_at,SVIL
202573_at,CSNK1G2
202580_x_at,FOXM1
202582_s_at,RANBP9
202586_at,POLR2L
202587_s_at,AK1
202590_s_at,PDK2
202593_s_at,GDE1
202599_s_at,NRIP1
202603_at,ADAM10
202605_at,GUSB
202613_at,CTPS1
202615_at,GNAQ
202616_s_at,MECP2
202617_s_at,IRAK1
202617_s_at,MECP2
202619_s_at,PLOD2
202621_at,IRF3
202624_s_at,CABIN1
202625_at,LYN
202629_at,APPBP2
202633_at,TOPBP1
202634_at,POLR2K
202637_s_at,ICAM1
202639_s_at,RANBP3
202642_s_at,TRRAP
202643_s_at,TNFAIP3
202647_s_at,NRAS
202652_at,APBB1
202660_at,ITPR2
202663_at,WIPF1
202666_s_at,ACTL6A
202668_at,EFNB2
202670_at,MAP2K1
202673_at,DPM1
202675_at,SDHB
202677_at,RASA1
202687_s_at,TNFSF10
202705_at,CCNB2
202706_s_at,UMPS
202710_at,BET1
202711_at,EFNB1
202712_s_at,CKMT1A
202712_s_at,CKMT1B
202716_at,PTPN1
202717_s_at,CDC16
202721_s_at,GFPT1
202723_s_at,FOXO1
202725_at,POLR2A
202727_s_at,IFNGR1
202728_s_at,LTBP1
202734_at,TRIP10
202735_at,EBP
202738_s_at,PHKB
202740_at,ABHD14A-ACY1
202740_at,ACY1
202741_at,PRKACB
202743_at,PIK3R3
202755_s_at,GPC1
202758_s_at,RFXANK
202762_at,ROCK2
202763_at,CASP3
202767_at,ACP2
202768_at,FOSB
202772_at,HMGCL
202780_at,OXCT1
202781_s_at,INPP5K
202786_at,STK39
202787_s_at,MAPKAPK3
202789_at,PLCG1
202790_at,CLDN7
202794_at,INPP1
202801_at,PRKACA
202804_at,ABCC1
202812_at,GAA
202820_at,AHR
202823_at,TCEB1
202831_at,GPX2
202833_s_at,SERPINA1
202834_at,AGT
202844_s_at,RALBP1
202846_s_at,PIGC
202847_at,PCK2
202858_at,U2AF1
202858_at,U2AF1L5
202859_x_at,CXCL8
202861_at,PER1
202862_at,FAH
202863_at,SP100
202870_s_at,CDC20
202871_at,TRAF4
202872_at,ATP6V1C1
202879_s_at,CYTH1
202883_s_at,PPP2R1B
202887_s_at,DDIT4
202892_at,CDC23
202893_at,UNC13B
202894_at,EPHB4
2028_s_at,E2F1
202901_x_at,CTSS
202905_x_at,NBN
202912_at,ADM
202927_at,PIN1
202930_s_at,SUCLA2
202931_x_at,BIN1
202932_at,YES1
202934_at,HK2
202945_at,FPGS
202948_at,IL1R1
202949_s_at,FHL2
202950_at,CRYZ
202952_s_at,ADAM12
202953_at,C1QB
202955_s_at,ARFGEF1
202957_at,HCLS1
202959_at,MUT
202962_at,KIF13B
202963_at,RFX5
202967_at,GSTA4
202980_s_at,SIAH1
202982_s_at,ACOT1
202982_s_at,ACOT2
202986_at,ARNT2
202990_at,PYGL
202992_at,C7
202993_at,ILVBL
202996_at,POLD4
203003_at,MEF2D
203007_x_at,LYPLA1
203010_at,STAT5A
203011_at,IMPA1
203015_s_at,SSX2IP
203025_at,NAA10
203027_s_at,MVD
203028_s_at,CYBA
203032_s_at,FH
203035_s_at,PIAS3
203036_s_at,MTSS1
203038_at,PTPRK
203040_s_at,HMBS
203044_at,CHSY1
203046_s_at,TIMELESS
203055_s_at,ARHGEF1
203055_s_at,LOC100505585
203058_s_at,PAPSS2
203065_s_at,CAV1
203069_at,SV2A
203070_at,SEMA3B
203075_at,SMAD2
203078_at,CUL2
203081_at,CTNNBIP1
203083_at,THBS2
203084_at,TGFB1
203096_s_at,RAPGEF2
203101_s_at,MGAT2
203104_at,CSF1R
203109_at,UBE2M
203110_at,PTK2B
203115_at,FECH
203126_at,IMPA2
203127_s_at,SPTLC2
203132_at,RB1
203134_at,PICALM
203139_at,DAPK1
203140_at,BCL6
203149_at,PVRL2
203154_s_at,PAK4
203155_at,SETDB1
203157_s_at,GLS
203167_at,TIMP2
203169_at,RGP1
203179_at,GALT
203183_s_at,SMARCD1
203187_at,DOCK1
203188_at,B4GAT1
203201_at,PMM2
203211_s_at,MTMR2
203213_at,CDK1
203217_s_at,ST3GAL5
203218_at,MAPK9
203219_s_at,APRT
203220_s_at,TLE1
203224_at,RFK
203228_at,PAFAH1B3
203230_at,DVL1
203233_at,IL4R
203234_at,UPP1
203237_s_at,NOTCH3
203254_s_at,TLN1
203256_at,CDH3
203261_at,DCTN6
203265_s_at,MAP2K4
203275_at,IRF2
203276_at,LMNB1
203277_at,DFFA
203279_at,EDEM1
203282_at,GBE1
203290_at,HLA-DQA1
203302_at,DCK
203304_at,BAMBI
203305_at,F13A1
203311_s_at,ARF6
203313_s_at,TGIF1
203315_at,NCK2
203320_at,SH2B3
203323_at,CAV2
203325_s_at,COL5A1
203330_s_at,STX5
203343_at,UGDH
203344_s_at,RBBP8
203348_s_at,ETV5
203351_s_at,ORC4
203358_s_at,EZH2
203367_at,DUSP14
203372_s_at,SOCS2
203379_at,RPS6KA1
203381_s_at,APOE
203386_at,TBC1D4
203388_at,ARRB2
203392_s_at,CTBP1
203393_at,HES1
203396_at,PSMA4
203397_s_at,GALNT3
203400_s_at,TF
203401_at,PRPS2
203408_s_at,SATB1
203418_at,CCNA2
203422_at,POLD1
203423_at,RBP1
203440_at,CDH2
203444_s_at,MTA2
203445_s_at,CTDSP2
203446_s_at,OCRL
203448_s_at,TERF1
203451_at,LDB1
203452_at,B3GAT3
203455_s_at,SAT1
203458_at,SPR
203467_at,PMM1
203474_at,IQGAP2
203483_at,SEMA4G
203496_s_at,MED1
203498_at,RCAN2
203499_at,EPHA2
203500_at,GCDH
203502_at,BPGM
203508_at,TNFRSF1B
203510_at,MET
203514_at,MAP3K3
203515_s_at,PMVK
203516_at,SNTA1
203523_at,LSP1
203524_s_at,MPST
203525_s_at,APC
203528_at,SEMA4D
203530_s_at,STX4
203540_at,GFAP
203544_s_at,STAM
203545_at,ALG8
203547_at,CD4
203548_s_at,LPL
203552_at,MAP4K5
203554_x_at,PTTG1
203559_s_at,AOC1
203560_at,GGH
203564_at,FANCG
203565_s_at,MNAT1
203566_s_at,AGL
203573_s_at,RABGGTA
203575_at,CSNK2A2
203576_at,BCAT2
203593_at,CD2AP
203601_s_at,ZBTB17
203608_at,ALDH5A1
203615_x_at,SULT1A1
203617_x_at,ELK1
203625_x_at,SKP2
203627_at,IGF1R
203633_at,CPT1A
203638_s_at,FGFR2
203649_s_at,PLA2G2A
203650_at,PROCR
203655_at,XRCC1
203664_s_at,POLR2D
203665_at,HMOX1
203666_at,CXCL12
203668_at,MAN2C1
203669_s_at,DGAT1
203671_at,TPMT
203676_at,GNS
203680_at,PRKAR2B
203681_at,IVD
203683_s_at,VEGFB
203684_s_at,BCL2
203687_at,CX3CL1
203692_s_at,E2F3
203705_s_at,FZD7
203708_at,PDE4B
203710_at,ITPR1
203711_s_at,HIBCH
203722_at,ALDH4A1
203725_at,GADD45A
203745_at,HCCS
203751_x_at,JUND
203753_at,TCF4
203759_at,ST3GAL4
203764_at,DLGAP5
203767_s_at,STS
203771_s_at,BLVRA
203774_at,MTR
203777_s_at,RPS6KB2
203788_s_at,SEMA3C
203805_s_at,FANCA
203812_at,SLIT3
203815_at,GSTT1
203816_at,DGUOK
203817_at,GUCY1B3
203821_at,HBEGF
203822_s_at,ELF2
203823_at,RGS3
203836_s_at,MAP3K5
203843_at,RPS6KA3
203845_at,KAT2B
203847_s_at,AKAP8
203853_s_at,GAB2
203860_at,PCCA
203861_s_at,ACTN2
203868_s_at,VCAM1
203872_at,ACTA1
203879_at,PIK3CD
203881_s_at,DMD
203882_at,IRF9
203887_s_at,THBD
203895_at,PLCB4
203901_at,TAB1
203904_x_at,CD82
203906_at,IQSEC1
203915_at,CXCL9
203920_at,NR1H3
203922_s_at,CYBB
203924_at,GSTA1
203925_at,GCLM
203927_at,NFKBIE
203928_x_at,MAPT
203932_at,HLA-DMB
203933_at,RAB11FIP3
203934_at,KDR
203935_at,ACVR1
203936_s_at,MMP9
203945_at,ARG2
203947_at,CSTF3
203948_s_at,MPO
203952_at,ATF6
203953_s_at,CLDN3
203963_at,CA12
203964_at,NMI
203966_s_at,PPM1A
203967_at,CDC6
203973_s_at,CEBPD
203975_s_at,CHAF1A
203979_at,CYP27A1
203980_at,FABP4
203984_s_at,CASP9
203987_at,FZD6
204006_s_at,FCGR3A
204006_s_at,FCGR3B
204007_at,FCGR3B
204011_at,SPRY2
204012_s_at,LCMT2
204014_at,DUSP4
204016_at,LARS2
204017_at,KDELR3
204018_x_at,HBA1
204018_x_at,HBA2
204036_at,LPAR1
204039_at,CEBPA
204044_at,LOC105369247
204044_at,QPRT
204046_at,PLCB2
204051_s_at,SFRP4
204053_x_at,PTEN
204056_s_at,MVK
204058_at,ME1
204060_s_at,PRKX
204060_s_at,PRKY
204061_at,PRKX
204068_at,STK3
204089_x_at,MAP3K4
204091_at,PDE6D
204092_s_at,AURKA
204093_at,CCNH
204103_at,CCL4
204105_s_at,NRCAM
204107_at,NFYA
204116_at,IL2RG
204118_at,CD48
204119_s_at,ADK
204121_at,GADD45G
204122_at,TYROBP
204126_s_at,CDC45
204130_at,HSD11B2
204131_s_at,FOXO3
204132_s_at,FOXO3
204132_s_at,FOXO3B
204134_at,PDE2A
204141_at,TUBB2A
204147_s_at,TFDP1
204149_s_at,GSTM4
204152_s_at,MFNG
204154_at,CDO1
204158_s_at,TCIRG1
204159_at,CDKN2C
204162_at,NDC80
204164_at,SIPA1
204165_at,WASF1
204167_at,BTD
204168_at,MGST2
204169_at,IMPDH1
204171_at,RPS6KB1
204172_at,CPOX
204174_at,ALOX5AP
204187_at,GMPR
204191_at,IFNAR1
204193_at,CHKB
204197_s_at,RUNX3
204200_s_at,PDGFB
204201_s_at,PTPN13
204205_at,APOBEC3G
204209_at,PCYT1A
204211_x_at,EIF2AK2
204212_at,ACOT8
204213_at,PIGR
204224_s_at,GCH1
204227_s_at,TK2
204231_s_at,FAAH
204233_s_at,CHKA
204235_s_at,GULP1
204241_at,ACOX3
204246_s_at,DCTN3
204247_s_at,CDK5
204248_at,GNA11
204252_at,CDK2
204253_s_at,VDR
204256_at,ELOVL6
204259_at,MMP7
204261_s_at,PSEN2
204263_s_at,CPT2
204267_x_at,PKMYT1
204269_at,PIM2
204270_at,SKI
204271_s_at,EDNRB
204279_at,PSMB9
204282_s_at,FARS2
204284_at,PPP1R3C
204285_s_at,PMAIP1
204289_at,ALDH6A1
204292_x_at,STK11
204294_at,AMT
204309_at,CYP11A1
204310_s_at,NPR2
204312_x_at,CREB1
204315_s_at,GTSE1
204320_at,COL11A1
204323_x_at,NF1
204336_s_at,RGS19
204346_s_at,RASSF1
204353_s_at,POT1
204356_at,LIMK1
204360_s_at,NAGLU
204363_at,F3
204369_at,PIK3CA
204374_s_at,GALK1
204379_s_at,FGFR3
204385_at,KYNU
204388_s_at,MAOA
204393_s_at,ACPP
204404_at,SLC12A2
204406_at,FLT1
204413_at,TRAF2
204417_at,GALC
204418_x_at,GSTM2
204420_at,FOSL1
204421_s_at,FGF2
204425_at,ARHGAP4
204428_s_at,LCAT
204436_at,PLEKHO2
204441_s_at,POLA2
204443_at,ARSA
204445_s_at,ALOX5
204451_at,FZD1
204456_s_at,GAS1
204458_at,PLA2G15
204459_at,CSTF2
204460_s_at,RAD1
204463_s_at,EDNRA
204466_s_at,SNCA
204469_at,PTPRZ1
204470_at,CXCL1
204475_at,MMP1
204476_s_at,PC
204482_at,CLDN5
204483_at,ENO3
204484_at,PIK3C2B
204486_at,KCNQ1OT1
204487_s_at,KCNQ1
204493_at,BID
204497_at,ADCY9
204506_at,PPP3R1
204513_s_at,ELMO1
204515_at,HSD3B1
204524_at,PDPK1
204531_s_at,BRCA1
204532_x_at,UGT1A1
204532_x_at,UGT1A10
204532_x_at,UGT1A4
204532_x_at,UGT1A6
204532_x_at,UGT1A8
204532_x_at,UGT1A9
204533_at,CXCL10
204534_at,VTN
204543_at,RAPGEF1
204550_x_at,GSTM1
204551_s_at,AHSG
204552_at,INPP4A
204554_at,PPP1R3D
204562_at,IRF4
204563_at,SELL
204566_at,PPM1D
204581_at,CD22
204582_s_at,KLK3
204584_at,L1CAM
204592_at,DLG4
204602_at,DKK1
204606_at,CCL21
204607_at,HMGCS2
204608_at,ASL
204614_at,SERPINB2
204615_x_at,IDI1
204617_s_at,ACD
204623_at,TFF3
204625_s_at,ITGB3
204629_at,PARVB
204631_at,MYH2
204632_at,RPS6KA4
204636_at,COL17A1
204637_at,CGA
204638_at,ACP5
204639_at,ADA
204640_s_at,SPOP
204641_at,NEK2
204642_at,S1PR1
204648_at,NPR1
204653_at,TFAP2A
204663_at,ME3
204664_at,ALPP
204667_at,FOXA1
204670_x_at,HLA-DRB1
204670_x_at,HLA-DRB4
204670_x_at,LOC105369230
204673_at,MUC2
204675_at,SRD5A1
204677_at,CDH5
204683_at,ICAM2
204686_at,IRS1
204689_at,HHEX
204691_x_at,PLA2G6
204694_at,AFP
204703_at,IFT88
204704_s_at,ALDOB
204706_at,INPP5E
204709_s_at,KIF23
204712_at,WIF1
204713_s_at,F5
204716_at,CCDC6
204718_at,EPHB6
204725_s_at,NCK1
204729_s_at,STX1A
204731_at,TGFBR3
204733_at,KLK6
204735_at,PDE4A
204737_s_at,MYH6
204737_s_at,MYH7
204744_s_at,IARS
204752_x_at,PARP2
204756_at,MAP2K5
204760_s_at,NR1D1
204760_s_at,THRA
204762_s_at,GNAO1
204765_at,ARHGEF5
204765_at,LOC102725117
204769_s_at,TAP2
204775_at,CHAF1B
204776_at,THBS4
204777_s_at,MAL
204780_s_at,FAS
204785_x_at,IFNAR2
204788_s_at,PPOX
204790_at,SMAD7
204791_at,NR2C1
204794_at,DUSP2
204798_at,MYB
204805_s_at,H1FX
204806_x_at,HLA-F
204810_s_at,CKM
204811_s_at,CACNA2D2
204813_at,MAPK10
204817_at,ESPL1
204818_at,HSD17B2
204819_at,FGD1
204824_at,ENDOG
204828_at,RAD9A
204832_s_at,BMPR1A
204833_at,ATG12
204835_at,POLA1
204836_at,GLDC
204840_s_at,EEA1
204842_x_at,PRKAR2A
204850_s_at,DCX
204853_at,ORC2
204856_at,B3GNT3
204857_at,MAD1L1
204858_s_at,TYMP
204859_s_at,APAF1
204863_s_at,IL6ST
204865_at,CA3
204872_at,TLE4
204875_s_at,GMDS
204877_s_at,TAOK2
204881_s_at,UGCG
204883_s_at,HUS1
204890_s_at,LCK
204893_s_at,ZFYVE9
204894_s_at,AOC3
204896_s_at,PTGER4
204898_at,SAP30
204907_s_at,BCL3
204912_at,IL10RA
204920_at,CPS1
204924_at,TLR2
204926_at,INHBA
204932_at,TNFRSF11B
204935_at,PTPN2
204936_at,MAP4K2
204937_s_at,ZNF274
204938_s_at,PLN
204941_s_at,ALDH3B2
204948_s_at,FST
204949_at,ICAM3
204956_at,MTAP
204957_at,ORC5
204958_at,PLK3
204961_s_at,NCF1
204961_s_at,NCF1B
204961_s_at,NCF1C
204962_s_at,CENPA
204969_s_at,RDX
204970_s_at,MAFG
204980_at,CLOCK
204988_at,FGB
204989_s_at,ITGB4
204992_s_at,PFN2
204993_at,GNAZ
204995_at,CDK5R1
204998_s_at,ATF5
205009_at,TFF1
205012_s_at,HAGH
205013_s_at,ADORA2A
205013_s_at,SPECC1L
205013_s_at,SPECC1L-ADORA2A
205015_s_at,TGFA
205023_at,RAD51
205027_s_at,MAP3K8
205031_at,EFNB3
205032_at,ITGA2
205034_at,CCNE2
205042_at,GNE
205043_at,CFTR
205047_s_at,ASNS
205048_s_at,PSPH
205050_s_at,MAPK8IP2
205051_s_at,KIT
205052_at,AUH
205053_at,PRIM1
205055_at,ITGAE
205057_s_at,IDUA
205065_at,ENPP1
205067_at,IL1B
205073_at,CYP2J2
205075_at,SERPINF2
205077_s_at,PIGF
205079_s_at,MPDZ
205080_at,RARB
205082_s_at,AOX1
205085_at,ORC1
205095_s_at,ATP6V0A1
205098_at,CCR1
205100_at,GFPT2
205101_at,CIITA
205105_at,MAN2A1
205107_s_at,EFNA4
205108_s_at,APOB
205109_s_at,ARHGEF4
205110_s_at,FGF13
205116_at,LAMA2
205118_at,FPR1
205124_at,MEF2B
205124_at,MEF2BNB-MEF2B
205125_at,PLCD1
205127_at,PTGS1
205132_at,ACTC1
205137_x_at,USH1C
205140_at,FPGT
205143_at,NCAN
205145_s_at,MYL5
205153_s_at,CD40
205159_at,CSF2RB
205163_at,MYLPF
205164_at,GCAT
205167_s_at,CDC25C
205170_at,STAT2
205172_x_at,CLTB
205173_x_at,CD58
205175_s_at,KHK
205177_at,TNNI1
205187_at,SMAD5
205192_at,MAP3K14
205193_at,MAFF
205199_at,CA9
205205_at,RELB
205207_at,IL6
205208_at,ALDH1L1
205209_at,ACVR1B
205210_at,TGFBRAP1
205212_s_at,ACAP1
205219_s_at,GALK2
205221_at,HGD
205222_at,EHHADH
205225_at,ESR1
205227_at,IL1RAP
205232_s_at,PAFAH2
205236_x_at,SOD3
205242_at,CXCL13
205245_at,PARD6A
205247_at,NOTCH4
205249_at,EGR2
205251_at,PER2
205254_x_at,TCF7
205258_at,INHBB
205260_s_at,ACYP1
205266_at,LIF
205269_at,LCP2
205278_at,GAD1
205281_s_at,PIGA
205282_at,LRP8
205285_s_at,FYB
205288_at,CDC14A
205289_at,BMP2
205291_at,IL2RB
205293_x_at,BAIAP2
205295_at,CKMT2
205302_at,IGFBP1
205306_x_at,KMO
205311_at,DDC
205312_at,SPI1
205313_at,HNF1B
205320_at,APC2
205321_at,EIF2S3
205327_s_at,ACVR2A
205328_at,CLDN10
205337_at,DCT
205339_at,STIL
205345_at,BARD1
205346_at,ST3GAL2
205349_at,GNA15
205351_at,GGCX
205353_s_at,PEBP1
205355_at,ACADSB
205357_s_at,AGTR1
205358_at,GRIA2
205363_at,BBOX1
205364_at,ACOX2
205367_at,SH2B2
205369_x_at,DBT
205373_at,CTNNA2
205377_s_at,ACHE
205379_at,CBR3
205380_at,PDZK1
205382_s_at,CFD
205385_at,MDM2
205392_s_at,CCL14
205392_s_at,CCL15-CCL14
205393_s_at,CHEK1
205395_s_at,MRE11A
205396_at,SMAD3
205400_at,WAS
205401_at,AGPS
205402_x_at,PRSS2
205403_at,IL1R2
205404_at,HSD11B1
205409_at,FOSL2
205417_s_at,DAG1
205418_at,FES
205423_at,AP1B1
205430_at,BMP5
205439_at,GSTT2
205439_at,GSTT2B
205444_at,ATP2A1
205445_at,PRL
205447_s_at,MAP3K12
205450_at,PHKA1
205451_at,FOXO4
205452_at,PIGB
205455_at,MST1R
205456_at,CD3E
205458_at,MC1R
205459_s_at,NPAS2
205463_s_at,PDGFA
205467_at,CASP10
205468_s_at,IRF5
205476_at,CCL20
205478_at,PPP1R1A
205479_s_at,PLAU
205480_s_at,UGP2
205482_x_at,SNX15
205485_at,RYR1
205488_at,GZMA
205498_at,GHR
205500_at,C5
205501_at,PDE10A
205504_at,BTK
205505_at,GCNT1
205507_at,ARHGEF15
205512_s_at,AIFM1
205526_s_at,KATNA1
205536_at,VAV2
205544_s_at,CR2
205546_s_at,TYK2
205551_at,SV2B
205558_at,TRAF6
205570_at,PIP4K2A
205571_at,LIPT1
205572_at,ANGPT2
205576_at,SERPIND1
205577_at,PYGM
205579_at,HRH1
205581_s_at,NOS3
205583_s_at,ALG13
205590_at,RASGRP1
205593_s_at,PDE9A
205596_s_at,SMURF2
205599_at,TRAF1
205603_s_at,DIAPH2
205606_at,LRP6
205611_at,TNFSF12
205614_x_at,MST1
205620_at,F10
205622_at,SMPD2
205623_at,ALDH3A1
205627_at,CDA
205629_s_at,CRH
205632_s_at,PIP5K1B
205633_s_at,ALAS1
205635_at,KALRN
205643_s_at,PPP2R2B
205646_s_at,PAX6
205648_at,WNT2
205649_s_at,FGA
205651_x_at,RAPGEF4
205653_at,CTSG
205654_at,C4BPA
205655_at,MDM4
205657_at,HAAO
205661_s_at,FLAD1
205666_at,FMO1
205667_at,WRN
205669_at,NCAM2
205670_at,GAL3ST1
205675_at,MTTP
205676_at,CYP27B1
205681_at,BCL2A1
205685_at,CD86
205692_s_at,CD38
205694_at,TYRP1
205696_s_at,GFRA1
205698_s_at,MAP2K6
205707_at,IL17RA
205709_s_at,CDS1
205710_at,LRP2
205713_s_at,COMP
205715_at,BST1
205718_at,ITGB7
205719_s_at,PAH
205720_at,POMC
205723_at,CNTFR
205725_at,SCGB1A1
205727_at,TEP1
205730_s_at,ABLIM3
205731_s_at,NCOA2
205733_at,BLM
205736_at,PGAM2
205737_at,KCNQ2
205738_s_at,FABP3
205745_x_at,ADAM17
205749_at,CYP1A1
205752_s_at,GSTM5
205753_at,CRP
205754_at,F2
205756_s_at,F8
205758_at,CD8A
205759_s_at,SULT2B1
205763_s_at,DDX18
205765_at,CYP3A5
205770_at,GSR
205774_at,F12
205777_at,DUSP9
205780_at,BIK
205786_s_at,ITGAM
205795_at,NRXN3
205798_at,IL7R
205801_s_at,RASGRP3
205808_at,ASPH
205809_s_at,WASL
205813_s_at,MAT1A
205822_s_at,HMGCS1
205828_at,MMP3
205829_at,HSD17B1
205831_at,CD2
205840_x_at,GH1
205843_x_at,CRAT
205845_at,CACNA1H
205848_at,GAS2
205851_at,NME6
205852_at,CDK5R2
205858_at,NGFR
205862_at,GREB1
205869_at,PRSS1
205870_at,BDKRB2
205874_at,ITPKA
205875_s_at,TREX1
205876_at,LIFR
205879_x_at,RET
205880_at,PRKD1
205883_at,ZBTB16
205884_at,ITGA4
205891_at,ADORA2B
205892_s_at,FABP1
205893_at,NLGN1
205894_at,ARSE
205895_s_at,NOLC1
205897_at,NFATC4
205899_at,CCNA1
205904_at,MICA
205905_s_at,MICA
205905_s_at,MICB
205909_at,POLE2
205912_at,PNLIP
205913_at,PLIN1
205914_s_at,GRIN1
205923_at,RELN
205926_at,IL27RA
205930_at,GTF2E1
205931_s_at,CREB5
205935_at,FOXF1
205936_s_at,HK3
205939_at,CYP3A7
205940_at,MYH3
205943_at,TDO2
205944_s_at,CLTCL1
205945_at,IL6R
205949_at,CA1
205951_at,MYH1
205954_at,RXRG
205957_at,PLXNB3
205969_at,AADAC
205977_s_at,EPHA1
205990_s_at,WNT5A
205992_s_at,IL15
205993_s_at,TBX2
205996_s_at,AK2
205998_x_at,CYP3A4
206001_at,NPY
206011_at,CASP1
206012_at,LEFTY2
206024_at,HPD
206030_at,ASPA
206035_at,REL
206038_s_at,NR2C2
206040_s_at,MAPK11
206044_s_at,BRAF
206044_s_at,KIAA1549
206047_at,GNB3
206049_at,SELP
206054_at,KNG1
206055_s_at,SNRPA1
206056_x_at,LOC105369261
206056_x_at,SPN
206061_s_at,DICER1
206065_s_at,DPYS
206067_s_at,WT1
206068_s_at,ACADL
206070_s_at,EPHA3
206074_s_at,HMGA1
206075_s_at,CSNK2A1
206081_at,SLC24A1
206082_at,HCP5
206083_at,ADGRB1
206084_at,PTPRR
206085_s_at,CTH
206093_x_at,TNXA
206093_x_at,TNXB
206094_x_at,UGT1A1
206094_x_at,UGT1A10
206094_x_at,UGT1A3
206094_x_at,UGT1A4
206094_x_at,UGT1A5
206094_x_at,UGT1A6
206094_x_at,UGT1A7
206094_x_at,UGT1A8
206094_x_at,UGT1A9
206099_at,PRKCH
206103_at,RAC3
206109_at,FUT1
206113_s_at,RAB5A
206114_at,EPHA4
206115_at,EGR3
206118_at,STAT4
206119_at,BHMT
206121_at,AMPD1
206123_at,LLGL1
206126_at,CXCR5
206136_at,FZD5
206138_s_at,PI4KB
206148_at,IL3RA
206150_at,CD27
206152_at,AGAP2
206160_at,APOBEC2
206164_at,CLCA2
206167_s_at,ARHGAP6
206170_at,ADRB2
206172_at,IL13RA2
206176_at,BMP6
206177_s_at,ARG1
206178_at,PLA2G5
206184_at,CRKL
206195_x_at,GH2
206203_at,RCVRN
206204_at,GRB14
206208_at,CA4
206211_at,SELE
206213_at,WNT10B
206214_at,PLA2G7
206217_at,EDA
206219_s_at,VAV1
206222_at,TNFRSF10C
206232_s_at,B4GALT6
206237_s_at,NRG1
206243_at,TIMP4
206244_at,CR1
206246_at,PFKFB4
206247_at,MICB
206248_at,PRKCE
206250_x_at,AVPR1A
206254_at,EGF
206255_at,BLK
206258_at,ST8SIA5
206259_at,PROC
206262_at,ADH1C
206263_at,FMO4
206264_at,GPLD1
206267_s_at,MATK
206268_at,LEFTY1
206270_at,PRKCG
206271_at,TLR3
206277_at,P2RY2
206278_at,PTAFR
206279_at,PRKY
206286_s_at,TDGF1
206286_s_at,TDGF1P3
206292_s_at,SULT2A1
206294_at,HSD3B2
206295_at,IL18
206296_x_at,MAP4K1
206300_s_at,PTHLH
206301_at,TEC
206305_s_at,C8A
206308_at,TRDMT1
206311_s_at,PLA2G1B
206312_at,GUCY2C
206313_at,HLA-DOA
206320_s_at,SMAD9
206327_s_at,CDH15
206329_at,EXTL1
206330_s_at,SHC3
206334_at,LIPF
206335_at,GALNS
206336_at,CXCL6
206337_at,CCR7
206341_at,IL2RA
206344_at,PON1
206346_at,PRLR
206355_at,GNAL
206359_at,SOCS3
206362_x_at,MAP3K10
206365_at,XCL1
206369_s_at,PIK3CG
206374_at,DUSP8
206380_s_at,CFP
206382_s_at,BDNF
206384_at,CACNG3
206388_at,PDE3A
206395_at,DGKG
206398_s_at,CD19
206404_at,FGF9
206407_s_at,CCL13
206409_at,TIAM1
206410_at,NR0B2
206411_s_at,ABL2
206412_at,FER
206414_s_at,ASAP2
206417_at,CNGA1
206418_at,NOX1
206422_at,GCG
206424_at,CYP26A1
206425_s_at,TRPC3
206429_at,F2RL1
206437_at,S1PR4
206440_at,LIN7A
206444_at,PDE1B
206449_s_at,MASP1
206450_at,DBH
206452_x_at,PPP2R4
206454_s_at,RHO
206456_at,GABRA5
206458_s_at,WNT2B
206464_at,BMX
206465_at,ACSBG1
206470_at,PLXNC1
206480_at,LTC4S
206488_s_at,CD36
206492_at,FHIT
206493_at,ITGA2B
206496_at,FMO3
206499_s_at,RCC1
206501_x_at,ETV1
206503_x_at,PML
206505_at,UGT2B4
206508_at,CD70
206514_s_at,CYP4F2
206514_s_at,CYP4F3
206515_at,CYP4F3
206516_at,AMH
206518_s_at,RGS9
206519_x_at,SIGLEC6
206521_s_at,GTF2A1
206522_at,MGAM
206523_at,CYTH3
206527_at,ABAT
206528_at,TRPC6
206534_at,GRIN2A
206535_at,SLC2A2
206536_s_at,XIAP
206538_at,MRAS
206541_at,KLKB1
206542_s_at,SMARCA2
206545_at,CD28
206561_s_at,AKR1B10
206566_at,SLC7A1
206569_at,IL24
206574_s_at,PTP4A3
206578_at,NKX2-5
206584_at,LY96
206586_at,CNR2
206590_x_at,DRD2
206598_at,INS
206603_at,SLC2A4
206606_at,LIPC
206607_at,CBL
206612_at,CACNG1
206614_at,GDF5
206617_s_at,RENBP
206618_at,IL18R1
206619_at,DKK4
206623_at,PDE6A
206631_at,PTGER2
206632_s_at,APOBEC3B
206633_at,CHRNA1
206636_at,RASA2
206638_at,HTR2B
206641_at,TNFRSF17
206643_at,HAL
206644_at,NR0B1
206646_at,GLI1
206651_s_at,CPB2
206653_at,POLR3G
206655_s_at,GP1BB
206655_s_at,SEPT5
206655_s_at,SEPT5-GP1BB
206657_s_at,MYOD1
206664_at,SI
206665_s_at,BCL2L1
206671_at,SAG
206674_at,FLT3
206675_s_at,SKIL
206678_at,GABRA1
206686_at,PDK1
206687_s_at,PTPN6
206688_s_at,CPSF4
206689_x_at,KAT5
206693_at,IL7
206694_at,PNLIPRP1
206697_s_at,HP
206702_at,TEK
206703_at,CHRNB1
206706_at,NTF3
206709_x_at,GPT
206710_s_at,EPB41L3
206713_at,NTNG1
206717_at,MYH8
206720_at,MGAT5
206722_s_at,LPAR2
206724_at,CBX4
206726_at,HPGDS
206727_at,C9
206729_at,TNFRSF8
206737_at,WNT11
206742_at,FIGF
206742_at,PIR-FIGF
206750_at,MAFK
206751_s_at,PCYT1B
206752_s_at,DFFB
206753_at,RDH16
206755_at,CYP2B6
206758_at,EDN2
206759_at,FCER2
206766_at,ITGA10
206769_at,TMSB4Y
206779_s_at,ASMT
206785_s_at,KLRC1
206785_s_at,KLRC2
206789_s_at,POU2F1
206791_s_at,LOC729966
206791_s_at,PDE4C
206793_at,PNMT
206794_at,ERBB4
206795_at,F2RL2
206797_at,NAT2
206800_at,MTHFR
206801_at,NPPB
206804_at,CD3G
206805_at,SEMA3A
206806_at,DGKI
206811_at,ADCY8
206812_at,ADRB3
206813_at,CTF1
206814_at,NGF
206825_at,OXTR
206828_at,TXK
206831_s_at,ARSD
206832_s_at,SEMA3F
206833_s_at,ACYP2
206836_at,SLC6A3
206841_at,PDE6H
206844_at,FBP2
206846_s_at,HDAC6
206847_s_at,HOXA7
206848_at,COX20
206853_s_at,MAP3K7
206855_s_at,HYAL2
206869_at,CHAD
206871_at,ELANE
206874_s_at,SLK
206877_at,MXD1
206878_at,DAO
206879_s_at,NRG2
206883_x_at,GP9
206891_at,ACTN3
206892_at,AMHR2
206895_at,PPP1R3A
206907_at,TNFSF9
206908_s_at,CLDN11
206911_at,TRIM25
206913_at,BAAT
206915_at,NKX2-2
206917_at,GNA13
206924_at,IL11
206927_s_at,GUCY1A2
206929_s_at,NFIC
206938_at,SRD5A2
206939_at,DCC
206941_x_at,SEMA3E
206943_at,TGFBR1
206945_at,LCT
206947_at,B3GALT5
206948_at,NEU3
206949_s_at,RUSC1
206955_at,AQP7
206957_at,AGXT
206960_at,LPAR4
206970_at,CNTN2
206974_at,CXCR6
206975_at,LTA
206978_at,CCR2
206979_at,C8B
206980_s_at,FLT3LG
206983_at,CCR6
206984_s_at,RIT2
206985_at,HSD17B3
206986_at,FGF18
206988_at,CCL25
206991_s_at,CCR5
206996_x_at,CACNB1
206999_at,IL12RB2
207000_s_at,PPP3CC
207008_at,CXCR2
207015_s_at,ALDH1A2
207022_s_at,LDHC
207029_at,KITLG
207034_s_at,GLI2
207036_x_at,GRIN2D
207037_at,TNFRSF11A
207039_at,CDKN2A
207040_s_at,ST13
207041_at,MASP2
207042_at,E2F2
207044_at,THRB
207050_at,CACNA2D1
207062_at,IAPP
207064_s_at,AOC2
207067_s_at,HDC
207069_s_at,SMAD6
207071_s_at,ACO1
207072_at,IL18RAP
207076_s_at,ASS1
207081_s_at,PI4KA
207082_at,CSF1
207085_x_at,CSF2RA
207092_at,LEP
207093_s_at,OMG
207094_at,CXCR1
207100_s_at,VAMP1
207102_at,AKR1D1
207107_at,RPE65
207119_at,PRKG1
207122_x_at,SULT1A2
207129_at,CA5B
207131_x_at,GGT1
207131_x_at,GGT2
207131_x_at,GGTLC1
207131_x_at,GGTLC2
207131_x_at,LOC102724197
207135_at,HTR2A
207136_at,ARR3
207140_at,ALPI
207143_at,CDK6
207144_s_at,CITED1
207152_at,NTRK2
207153_s_at,GLMN
207158_at,APOBEC1
207160_at,IL12A
207162_s_at,CACNA1B
207163_s_at,AKT1
207165_at,HMMR
207166_at,GNGT1
207175_at,ADIPOQ
207181_s_at,CASP7
207182_at,GABRA6
207187_at,JAK3
207188_at,CDK3
207188_at,TEN1-CDK3
207193_at,AGRP
207200_at,OTC
207206_s_at,ALOX12
207210_at,GABRA3
207212_at,SLC9A3
207216_at,TNFSF8
207218_at,F9
207221_at,F2RL3
207222_at,PLA2G10
207225_at,AANAT
207228_at,PRKACG
207240_s_at,LHCGR
207243_s_at,CALM2
207245_at,UGT2B15
207245_at,UGT2B17
207256_at,MBL2
207257_at,EPO
207261_at,CNGA3
207290_at,PLXNA2
207292_s_at,MAPK7
207293_s_at,AGTR2
207299_s_at,GRM1
207300_s_at,F7
207301_at,EFNA5
207307_at,HTR2C
207312_at,PHKG1
207313_x_at,KIR3DL2
207314_x_at,KIR3DL1
207314_x_at,KIR3DL2
207315_at,CD226
207326_at,BTC
207328_at,ALOX15
207331_at,CENPF
207332_s_at,TFRC
207334_s_at,TGFBR2
207342_at,CNGB1
207350_s_at,VAMP4
207351_s_at,SH2D2A
207354_at,CCL16
207357_s_at,GALNT10
207359_at,CAMKK2
207360_s_at,NTSR1
207361_at,HBP1
207370_at,IBSP
207372_s_at,ENTPD2
207375_s_at,IL15RA
207378_at,TREH
207381_at,ALOX12B
207384_at,PGLYRP1
207387_s_at,GK
207388_s_at,PTGES
207389_at,GP1BA
207391_s_at,PIP5K1A
207392_x_at,UGT2B15
207396_s_at,ALG3
207405_s_at,RAD17
207406_at,CYP7A1
207416_s_at,NFATC3
207418_s_at,DDO
207419_s_at,RAC2
207421_at,CA5A
207426_s_at,TNFSF4
207428_x_at,CDK11B
207431_s_at,DEGS1
207433_at,IL10
207434_s_at,FXYD2
207434_s_at,FXYD6
207434_s_at,FXYD6-FXYD2
207442_at,CSF3
207445_s_at,CCR9
207446_at,TLR6
207456_at,HNF4G
207463_x_at,PRSS3
207468_s_at,SFRP5
207469_s_at,PIR
207477_at,PRO2958
207490_at,TUBA4B
207496_at,MS4A2
207498_s_at,CYP2D6
207498_s_at,CYP2D7
207498_s_at,LOC101929829
207500_at,CASP5
207501_s_at,FGF12
207504_at,CA7
207505_at,PRKG2
207510_at,BDKRB1
207514_s_at,GNAT1
207515_s_at,POLR1C
207521_s_at,ATP2A3
207525_s_at,GIPC1
207530_s_at,CDKN2B
207533_at,CCL1
207535_s_at,NFKB2
207536_s_at,TNFRSF9
207537_at,PFKFB1
207538_at,IL4
207540_s_at,SYK
207543_s_at,P4HA1
207544_s_at,ADH6
207545_s_at,LOC101928143
207545_s_at,NUMB
207549_x_at,CD46
207550_at,MPL
207553_at,OPRK1
207554_x_at,TBXA2R
207556_s_at,DGKZ
207557_s_at,RYR2
207558_s_at,PITX2
207562_at,DGKQ
207563_s_at,OGT
207572_at,EFCAB2
207574_s_at,GADD45B
207577_at,HTR4
207584_at,LPA
207586_at,SHH
207589_at,ADRA1B
207591_s_at,ARID1A
207594_s_at,SYNJ1
207608_x_at,CYP1A2
207612_at,WNT8B
207613_s_at,CAMK2A
207614_s_at,CUL1
207616_s_at,TANK
207620_s_at,CASK
207621_s_at,PEMT
207627_s_at,TFCP2
207628_s_at,WBSCR22
207630_s_at,CREM
207632_at,MUSK
207634_at,PDCD1
207639_at,FZD9
207641_at,TNFRSF13B
207643_s_at,TNFRSF1A
207644_at,FOXH1
207650_x_at,PTGER1
207655_s_at,BLNK
207656_s_at,ACOX1
207667_s_at,MAP2K3
207679_at,PAX3
207681_at,CXCR3
207687_at,INHBC
207691_x_at,ENTPD1
207693_at,CACNB4
207696_at,FUT9
207702_s_at,MAGI2
207709_at,PRKAA2
207718_x_at,CYP2A7
207723_s_at,KLRC3
207738_s_at,NCKAP1
207747_s_at,DOK4
207749_s_at,PPP2R3A
207760_s_at,NCOR2
207767_s_at,EGR4
207772_s_at,PRMT8
207773_x_at,CYP3A43
207785_s_at,RBPJ
207795_s_at,KLRD1
207800_at,AKAP5
207808_s_at,PROS1
207809_s_at,ATP6AP1
207810_at,F13B
207816_at,LALBA
207817_at,IFNW1
207818_s_at,HTR7
207820_at,ADH1A
207822_at,FGFR1
207826_s_at,ID3
207833_s_at,HLCS
207844_at,IL13
207845_s_at,ANAPC10
207848_at,AVP
207849_at,IL2
207850_at,CXCL3
207851_s_at,INSR
207852_at,CXCL5
207858_s_at,PKLR
207860_at,NCR1
207861_at,CCL22
207865_s_at,BMP8B
207866_at,BMP8A
207867_at,PAX4
207869_s_at,CACNA1G
207870_at,AKAP9
207876_s_at,FLNC
207884_at,GUCY2D
207889_at,SARDH
207892_at,CD40LG
207893_at,SRY
207900_at,CCL17
207901_at,IL12B
207902_at,IL5RA
207904_s_at,LNPEP
207906_at,IL3
207907_at,TNFSF14
207913_at,CYP2F1
207916_at,RBMY2AP
207916_at,RBMY2BP
207926_at,GP5
207929_at,GRPR
207931_s_at,PFKFB2
207932_at,IFNA8
207945_s_at,CSNK1D
207946_at,MAML3
207951_at,CSN2
207952_at,IL5
207954_at,GATA2
207955_at,CCL27
207957_s_at,PRKCB
207958_at,UGT2A1
207958_at,UGT2A2
207964_x_at,IFNA4
207965_at,NEUROG3
207966_s_at,GLG1
207968_s_at,MEF2C
207980_s_at,CITED2
207987_s_at,GNRH1
207988_s_at,ARPC2
207989_at,OPRM1
207992_s_at,AMPD3
207993_s_at,CHP1
208002_s_at,ACOT7
208003_s_at,NFAT5
208005_at,NTN1
208018_s_at,HCK
208020_s_at,CACNA1C
208021_s_at,RFC1
208022_s_at,CDC14B
208023_at,TNFRSF4
208028_s_at,GPX5
208033_s_at,ZFHX3
208037_s_at,MADCAM1
208041_at,GRK1
208044_s_at,PPARD
208048_at,TACR1
208050_s_at,CASP2
208053_at,GUCY2F
208059_at,CCR8
208066_s_at,GTF2B
208068_x_at,CSH1
208068_x_at,CSHL1
208068_x_at,GH1
208068_x_at,GH2
208072_s_at,DGKD
208075_s_at,CCL7
208083_s_at,ITGB6
208083_s_at,LOC100505984
208093_s_at,NDEL1
208098_at,OR12D3
208098_at,OR5V1
208108_s_at,AVPR2
208116_s_at,MAN1A1
208120_x_at,FKSG52
208122_x_at,KIR2DS3
208122_x_at,KIR2DS5
208122_x_at,LOC102725023
208122_x_at,LOC105369139
208124_s_at,SEMA4F
208126_s_at,CYP2C18
208127_s_at,SOCS5
208130_s_at,TBXAS1
208131_s_at,PTGIS
208147_s_at,CYP2C8
208148_at,MYH4
208161_s_at,ABCC3
208168_s_at,CHIT1
208169_s_at,PTGER3
208173_at,IFNB1
208178_x_at,TRIO
208179_x_at,KIR2DL3
208182_x_at,IFNA14
208183_at,TACR3
208186_s_at,LIPE
208193_at,IL9
208194_s_at,STAM2
208196_x_at,NFATC1
208198_x_at,KIR2DS1
208198_x_at,LOC105379650
208198_x_at,LOC105379662
208200_at,IL1A
208203_x_at,KIR2DS5
208204_s_at,CAV3
208206_s_at,RASGRP2
208208_at,MYH13
208209_s_at,C4BPB
208211_s_at,ALK
208214_at,ADRB1
208221_s_at,SLIT1
208249_s_at,TGDS
208255_s_at,FKBP8
208259_x_at,IFNA7
208260_at,AVPR1B
208261_x_at,IFNA10
208285_at,OR7A5
208288_at,ABCB11
208289_s_at,EI24
208290_s_at,EIF5
208291_s_at,TH
208292_at,BMP10
208297_s_at,EVI5
208299_at,CACNA1I
208303_s_at,CRLF2
208304_at,CCR3
208305_at,PGR
208306_x_at,HLA-DRB1
208308_s_at,GPI
208309_s_at,MALT1
208315_x_at,TRAF3
208322_s_at,ST3GAL1
208325_s_at,AKAP13
208327_at,CYP2A13
208328_s_at,MEF2A
208340_at,LOC643733
208344_x_at,IFNA13
208348_s_at,CBLB
208357_x_at,CSH1
208358_s_at,UGT8
208360_s_at,ERVH-4
208361_s_at,POLR3D
208368_s_at,BRCA2
208370_s_at,RCAN1
208371_s_at,RING1
208375_at,IFNA1
208376_at,CCR4
208377_s_at,CACNA1F
208378_x_at,FGF5
208381_s_at,SGPL1
208383_s_at,PCK1
208393_s_at,RAD50
208399_s_at,EDN3
208402_at,IL17A
208403_x_at,MAX
208406_s_at,GRAP2
208408_at,PTN
208417_at,FGF6
208426_x_at,KIR2DL4
208429_x_at,HNF4A
208431_s_at,TUB
208432_s_at,CACNA1E
208436_s_at,IRF7
208438_s_at,FGR
208445_s_at,BAZ1B
208447_s_at,PRPS1
208448_x_at,IFNA16
208449_s_at,FGF8
208455_at,PVRL1
208456_s_at,RRAS2
208461_at,HIC1
208463_at,GABRA4
208474_at,CLDN6
208478_s_at,BAX
208485_x_at,CFLAR
208486_at,DRD5
208492_at,RFXAP
208498_s_at,AMY1A
208498_s_at,AMY1B
208498_s_at,AMY1C
208498_s_at,AMY2A
208498_s_at,AMY2B
208498_s_at,AMYP1
208505_s_at,FUT2
208507_at,OR7C2
208508_s_at,OR2J2
208509_s_at,OR7A17
208510_s_at,PPARG
208512_s_at,MLLT4
208519_x_at,GNRH2
208520_at,OR10H3
208521_at,OR5I1
208525_s_at,OR2F1
208525_s_at,OR2F2
208526_at,OR2F1
208529_at,BTF3P11
208537_at,S1PR2
208543_at,OR10H2
208548_at,IFNA6
208553_at,HIST1H1E
208558_at,OR10H1
208559_at,PDX1
208570_at,WNT1
208573_s_at,OR2H2
208587_s_at,OR1E1
208587_s_at,OR1E2
208591_s_at,PDE3B
208593_x_at,CRHR1
208593_x_at,MGC57346-CRHR1
208597_at,CNTF
208597_at,ZFP91-CNTF
208601_s_at,TUBB1
208605_s_at,NTRK1
208611_s_at,SPTAN1
208612_at,PDIA3
208613_s_at,FLNB
208615_s_at,PTP4A2
208621_s_at,EZR
208624_s_at,EIF4G1
208627_s_at,YBX1
208629_s_at,HADHA
208636_at,ACTN1
208642_s_at,XRCC5
208644_at,PARP1
208647_at,FDFT1
208652_at,PPP2CA
208658_at,PDIA4
208660_at,CS
208674_x_at,DDOST
208676_s_at,PA2G4
208677_s_at,BSG
208678_at,ATP6V1E1
208680_at,PRDX1
208683_at,CAPN2
208687_x_at,HSPA8
208689_s_at,RPN2
208693_s_at,GARS
208694_at,PRKDC
208699_x_at,TKT
208711_s_at,CCND1
208725_at,EIF2S2
208727_s_at,CDC42
208729_x_at,HLA-B
208736_at,ARPC3
208737_at,ATP6V1G1
208740_at,SAP18
208743_s_at,YWHAB
208748_s_at,FLOT1
208758_at,ATIC
208759_at,NCSTN
208761_s_at,SUMO1
208771_s_at,LTA4H
208775_at,XPO1
208776_at,PSMD11
208795_s_at,MCM7
208796_s_at,CCNG1
208799_at,PSMB5
208805_at,KIAA0391
208805_at,PSMA6
208806_at,CHD3
208808_s_at,HMGB2
208810_at,DNAJB6
208810_at,TMEM135
208812_x_at,HLA-C
208813_at,GOT1
208817_at,COMT
208822_s_at,DAP3
208827_at,PSMB6
208828_at,POLE3
208847_s_at,ADH5
208864_s_at,TXN
208868_s_at,GABARAPL1
208886_at,H1F0
208890_s_at,PLXNB2
208891_at,DUSP6
208894_at,HLA-DRA
208898_at,ATP6V1D
208900_s_at,TOP1
208905_at,CYCS
208911_s_at,PDHB
208917_x_at,NADK
208926_at,NEU1
208928_at,POR
208937_s_at,ID1
208939_at,SEPHS1
208950_s_at,ALDH7A1
208955_at,DUT
208970_s_at,UROD
208974_x_at,KPNB1
208977_x_at,TUBB4B
208980_s_at,UBC
208991_at,STAT3
208996_s_at,POLR2C
208997_s_at,UCP2
209008_x_at,KRT8
209014_at,MAGED1
209015_s_at,DNAJB6
209026_x_at,TUBB
209030_s_at,CADM1
209035_at,MDK
209036_s_at,MDH2
209040_s_at,PSMB8
209043_at,PAPSS1
209050_s_at,RALGDS
209069_s_at,H3F3B
209081_s_at,COL18A1
209090_s_at,SH3GLB1
209095_at,DLD
209097_s_at,JAG1
209101_at,CTGF
209105_at,NCOA1
209112_at,CDKN1B
209115_at,UBA3
209118_s_at,TUBA1A
209119_x_at,NR2F2
209122_at,PLIN2
209123_at,QDPR
209124_at,MYD88
209129_at,TRIP6
209139_s_at,PRKRA
209141_at,LOC103021295
209141_at,UBE2G1
209142_s_at,UBE2G1
209146_at,MSMO1
209147_s_at,PLPP1
209148_at,RXRB
209151_x_at,TCF3
209154_at,P2RX5-TAX1BP3
209154_at,TAX1BP3
209155_s_at,NT5C2
209156_s_at,COL6A2
209160_at,AKR1C3
209166_s_at,MAN2B1
209171_at,ITPA
209180_at,RABGGTB
209184_s_at,IRS2
209186_at,ATP2A2
209189_at,FOS
209191_at,TUBB6
209193_at,PIM1
209195_s_at,ADCY6
209201_x_at,CXCR4
209202_s_at,EXTL3
209204_at,LMO4
209206_at,LOC100996517
209206_at,LOC100996716
209206_at,LOC102724364
209206_at,SEC22B
209213_at,CBR1
209214_s_at,EWSR1
209220_at,GPC3
209239_at,NFKB1
209245_s_at,LOC105371501
209251_x_at,TUBA1C
209252_at,HARS2
209260_at,SFN
209270_at,LAMB3
209279_s_at,NSDHL
209289_at,NFIB
209291_at,ID4
209296_at,PPM1B
209301_at,CA2
209302_at,POLR2H
209310_s_at,CASP4
209312_x_at,HLA-DRB1
209312_x_at,HLA-DRB4
209312_x_at,HLA-DRB5
209312_x_at,LOC105369230
209320_at,ADCY3
209333_at,ULK1
209340_at,UAP1
209341_s_at,IKBKB
209352_s_at,SIN3B
209354_at,TNFRSF14
209355_s_at,PLPP3
209368_at,EPHX2
209370_s_at,SH3BP2
209372_x_at,TUBB2A
209372_x_at,TUBB2B
209383_at,DDIT3
209388_at,PAPOLA
209390_at,TSC1
209391_at,DPM2
209392_at,ENPP2
209393_s_at,EIF4E2
209397_at,ME2
209408_at,KIF2C
209409_at,GRB10
209411_s_at,GGA3
209413_at,B4GALT2
209420_s_at,SMPD1
209431_s_at,PATZ1
209432_s_at,CREB3
209433_s_at,PPAT
209443_at,SERPINA5
209455_at,FBXW11
209457_at,DUSP5
209464_at,AURKB
209468_at,LRP5
209480_at,HLA-DQB1
209490_s_at,PPT2
209505_at,NR2F1
209509_s_at,DPAGT1
209511_at,POLR2F
209519_at,NCBP1
209529_at,PLPP2
209530_at,CACNB3
209531_at,GSTZ1
209537_at,EXTL2
209539_at,ARHGEF6
209540_at,IGF1
209543_s_at,CD34
209544_at,RIPK2
209550_at,NDN
209561_at,THBS3
209572_s_at,EED
209575_at,IL10RB
209576_at,GNAI1
209584_x_at,APOBEC3C
209585_s_at,MINPP1
209586_s_at,PRUNE
209588_at,EPHB2
209590_at,BMP7
209602_s_at,GATA3
209607_x_at,LOC105369243
209607_x_at,SLX1A-SULT1A3
209607_x_at,SLX1B-SULT1A4
209607_x_at,SULT1A3
209607_x_at,SULT1A4
209608_s_at,ACAT2
209612_s_at,ADH1B
209616_s_at,CES1
209616_s_at,CES1P1
209625_at,PIGH
209631_s_at,GPR37
209642_at,BUB1
209643_s_at,PLD2
209645_s_at,ALDH1B1
209651_at,TGFB1I1
209652_s_at,PGF
209660_at,TTR
209663_s_at,ITGA7
209666_s_at,CHUK
209667_at,CES2
209674_at,CRY1
209676_at,TFPI
209677_at,PRKCI
209694_at,PTS
209696_at,FBP1
209699_x_at,AKR1C2
209706_at,NKX3-1
209715_at,CBX5
209728_at,HLA-DRB4
209734_at,NCKAP1L
209735_at,ABCG2
209739_s_at,PNPLA4
209742_s_at,MYL2
209743_s_at,ITCH
209745_at,COQ7
209759_s_at,ECI1
209763_at,CHRDL1
209767_s_at,SEPT5
209767_s_at,SEPT5-GP1BB
209768_s_at,SEPT5-GP1BB
209784_s_at,JAG2
209790_s_at,CASP6
209793_at,GRIA1
209822_s_at,VLDLR
209824_s_at,ARNTL
209825_s_at,UCK2
209830_s_at,SLC9A3R2
209832_s_at,CDT1
209833_at,CRADD
209844_at,HOXB13
209857_s_at,SPHK2
209864_at,FRAT2
209879_at,SELPLG
209881_s_at,LAT
209882_at,RIT1
209885_at,RHOD
209892_at,FUT4
209897_s_at,SLIT2
209902_at,ATR
209906_at,C3AR1
209908_s_at,TGFB2
209918_at,GGTLC2
209920_at,BMPR2
209925_at,OCLN
209929_s_at,IKBKG
209941_at,RIPK1
209945_s_at,GSK3B
209946_at,VEGFC
209949_at,NCF2
209951_s_at,MAP2K7
209956_s_at,CAMK2B
209957_s_at,NPPA
209960_at,HGF
209962_at,EPOR
209968_s_at,NCAM1
209977_at,PLG
209978_s_at,LPA
209978_s_at,PLG
209980_s_at,SHMT1
209982_s_at,NRXN2
209993_at,ABCB1
209994_s_at,ABCB1
209994_s_at,ABCB4
209998_at,PIGO
209999_x_at,SOCS1
210004_at,OLR1
210005_at,GART
210007_s_at,GPD2
210009_s_at,GOSR2
210019_at,CALML3
210027_s_at,APEX1
210028_s_at,ORC3
210029_at,IDO1
210031_at,CD247
210037_s_at,NOS2
210038_at,PRKCQ
210041_s_at,PGM3
210045_at,IDH2
210051_at,RAPGEF3
210052_s_at,TPX2
210055_at,TSHR
210056_at,RND1
210058_at,MAPK13
210060_at,PDE6G
210069_at,CHKB-CPT1B
210069_at,CPT1B
210072_at,CCL19
210081_at,AGER
210083_at,SEMA7A
210094_s_at,PARD3
210095_s_at,IGFBP3
210099_at,ABCA2
210103_s_at,FOXA2
210105_s_at,FYN
210106_at,BLOC1S1-RDH5
210106_at,RDH5
210107_at,CLCA1
210116_at,SH2D1A
210121_at,B3GALT2
210130_s_at,TM7SF2
210132_at,EFNA3
210133_at,CCL11
210145_at,PLA2G4A
210150_s_at,LAMA5
210163_at,CXCL11
210164_at,GZMB
210166_at,TLR5
210168_at,C6
210173_at,PTPRJ
210189_at,HSPA1L
210197_at,ITPK1
210205_at,B3GALT4
210211_s_at,HSP90AA1
210213_s_at,EIF6
210220_at,FZD2
210225_x_at,LILRA6
210225_x_at,LILRB2
210225_x_at,LILRB3
210225_x_at,LOC102725015
210225_x_at,LOC102725029
210225_x_at,LOC102725031
210225_x_at,LOC102725034
210225_x_at,LOC102725035
210228_at,CSF2
210240_s_at,CDKN2D
210242_x_at,ST20
210243_s_at,B4GALT3
210245_at,ABCC8
210248_at,WNT7A
210252_s_at,MADD
210275_s_at,ZFAND5
210280_at,MPZ
210288_at,KLRG1
210301_at,XDH
210316_at,FLT4
210317_s_at,YWHAE
210324_at,C8G
210328_at,GNMT
210342_s_at,TPO
210349_at,CAMK4
210354_at,IFNG
210371_s_at,RBBP4
210381_s_at,CCKBR
210390_s_at,CCL15
210390_s_at,CCL15-CCL14
210409_at,MLLT4-AS1
210411_s_at,GRIN2B
210416_s_at,CHEK2
210428_s_at,HGS
210431_at,ALPPL2
210439_at,ICOS
210447_at,GLUD2
210452_x_at,CYP4F2
210474_s_at,CDK11A
210474_s_at,CDK11B
210477_x_at,MAPK8
210505_at,ADH7
210506_at,FUT7
210512_s_at,VEGFA
210514_x_at,HLA-G
210515_at,HNF1A
210523_at,BMPR1B
210527_x_at,TUBA3C
210536_s_at,SPAM1
210538_s_at,BIRC3
210540_s_at,B4GALT4
210548_at,CCL23
210558_at,AKR1C4
210587_at,INHBE
210593_at,SAT1
210593_at,ZSWIM8
210596_at,MAGT1
210604_at,GNAT2
210609_s_at,TP53I3
210619_s_at,HYAL1
210627_s_at,MOGS
210643_at,TNFSF11
210653_s_at,BCKDHB
210654_at,TNFRSF10D
210673_x_at,NKX2-1
210677_at,SOAT2
210678_s_at,AGPAT2
210679_x_at,MORN3
210682_at,LPO
210689_at,CLDN14
210690_at,KLRC4
210694_s_at,ZNF514
210712_at,LDHAL6B
210721_s_at,PAK7
210745_at,ONECUT1
210753_s_at,EPHB1
210761_s_at,GRB7
210762_s_at,DLC1
210763_x_at,NCR3
210774_s_at,NCOA4
210803_at,TXNRD2
210828_s_at,ARNT
210838_s_at,ACVRL1
210845_s_at,PLAUR
210852_s_at,AASS
210865_at,FASLG
210873_x_at,APOBEC3A
210873_x_at,APOBEC3A_B
210874_s_at,NAT6
210875_s_at,ZEB1
210889_s_at,FCGR2B
210890_x_at,KIR2DL1
210890_x_at,KIR2DL2
210890_x_at,KIR2DL3
210890_x_at,LOC105379645
210914_at,TXNDC16
210919_at,PHLPP1
210930_s_at,ERBB2
210942_s_at,ST3GAL6
210945_at,COL4A6
210948_s_at,LEF1
210956_at,CH17-360D5.1
210956_at,LOC105379861
210956_at,NPY4R
210960_at,ADRA1D
210970_s_at,IBTK
210976_s_at,PFKM
210993_s_at,SMAD1
211006_s_at,KCNB1
211020_at,GCNT2
211026_s_at,MGLL
211058_x_at,TUBA1A
211058_x_at,TUBA1B
211075_s_at,CD47
211093_at,PDE6C
211107_s_at,AURKC
211110_s_at,AR
211111_at,HGC6.3
211121_s_at,DOK1
211145_x_at,IFNA21
211150_s_at,DLAT
211154_at,THPO
211167_s_at,GCK
211173_at,CCKAR
211197_s_at,ICOSLG
211197_s_at,LOC102723996
211201_at,FSHR
211207_s_at,ACSL6
211222_s_at,HAP1
211225_at,FUT5
211248_s_at,CHRD
211252_x_at,PTCRA
211285_s_at,UBE3A
211297_s_at,CDK7
211338_at,IFNA2
211339_s_at,ITK
211379_x_at,B3GALNT1
211389_x_at,KIR3DS1
211397_x_at,KIR2DL2
211397_x_at,LOC105379645
211405_x_at,IFNA17
211410_x_at,KIR2DL5A
211410_x_at,KIR2DL5B
211423_s_at,SC5D
211438_at,TRHR
211462_s_at,TBL1Y
211484_s_at,DSCAM
211489_at,ADRA1A
211496_s_at,PDC
211518_s_at,BMP4
211522_s_at,GNRHR
211538_s_at,HSPA2
211560_s_at,ALAS2
211570_s_at,RAPSN
211608_at,TRBV10-2
211611_s_at,ATF6B
211611_s_at,TNXB
211619_s_at,ALPP
211619_s_at,ALPPL2
211633_x_at,IGHG1
211635_x_at,IGHV1-69
211642_at,IGHV3-73
211645_x_at,IGKV1-17
211650_x_at,IGK
211652_s_at,LBP
211660_at,POU2F2
211663_x_at,PTGDS
211665_s_at,SOS2
211667_x_at,TRAV12-2
211672_s_at,ARPC4
211672_s_at,ARPC4-TTLL3
211677_x_at,CADM3
211682_x_at,UGT2B28
211687_x_at,KIR3DL1
211692_s_at,BBC3
211726_s_at,FMO2
211739_x_at,CSH1
211739_x_at,CSH2
211739_x_at,CSHL1
211764_s_at,UBE2D1
211766_s_at,PNLIPRP2
211768_at,LAT2
211828_s_at,TNIK
211835_at,IGKV1-5
211843_x_at,CYP3A7-CYP3A51P
211868_x_at,IGH
211868_x_at,IGHA1
211868_x_at,IGHA2
211868_x_at,IGHD
211868_x_at,IGHD3-3
211868_x_at,IGHG1
211868_x_at,IGHG2
211868_x_at,IGHG3
211868_x_at,IGHJ5
211868_x_at,IGHM
211868_x_at,IGHV3-21
211868_x_at,IGHV3-48
211868_x_at,IGHV3-71
211868_x_at,IGHV4-31
211907_s_at,PARD6B
211925_s_at,PLCB1
211926_s_at,MYH9
211934_x_at,GANAB
211936_at,HSPA5
211937_at,EIF4B
211964_at,COL4A2
211980_at,COL4A1
211987_at,TOP2B
211988_at,SMARCE1
211990_at,HLA-DPA1
212026_s_at,EXOC7
212029_s_at,PTOV1-AS2
212041_at,ATP6V0D1
212046_x_at,MAPK3
212048_s_at,YARS
212049_at,WIPF2
212067_s_at,C1R
212091_s_at,COL6A1
212124_at,ZMIZ1
212141_at,MCM4
212147_at,SMG5
212154_at,SDC2
212167_s_at,SMARCB1
212186_at,ACACA
212218_s_at,FASN
212224_at,ALDH1A1
212233_at,MAP1B
212239_at,PIK3R1
212242_at,TUBA4A
212283_at,AGRN
212296_at,PSMD14
212315_s_at,NUP210
212329_at,SCAP
212331_at,RBL2
212336_at,EPB41L1
212345_s_at,CREB3L2
212348_s_at,KDM1A
212360_at,AMPD2
212372_at,MYH10
212375_at,EP400
212437_at,CENPB
212445_s_at,NEDD4L
212458_at,SPRED2
212459_x_at,SUCLG2
212493_s_at,SETD2
212500_at,ADO
212501_at,CEBPB
212510_at,GPD1L
212512_s_at,CARM1
212516_at,ARAP1
212518_at,PIP5K1C
212533_at,WEE1
212540_at,CDC34
212555_at,PRKAR1B
212558_at,SPRY1
212571_at,CHD8
212581_x_at,GAPDH
212607_at,AKT3
212611_at,DTX4
212624_s_at,CHN1
212630_at,EXOC3
212637_s_at,WWP1
212640_at,HACD2
212647_at,RRAS
212649_at,LOC105378973
212657_s_at,IL1RN
212664_at,TUBB4A
212666_at,SMURF1
212669_at,CAMK2G
212671_s_at,HLA-DQA1
212671_s_at,HLA-DQA2
212688_at,PIK3CB
212689_s_at,KDM3A
212695_at,CRY2
212701_at,TLN2
212739_s_at,NME4
212740_at,PIK3R4
212743_at,RCHY1
212759_s_at,TCF7L2
212782_x_at,POLR2J
212793_at,DAAM2
212797_at,SORT1
212812_at,SERINC5
212813_at,JAM3
212814_at,AHCYL2
212815_at,ASCC3
212836_at,POLD3
212849_at,AXIN1
212862_at,CDS2
212871_at,MAPKAPK5
212879_x_at,PIAS4
212949_at,NCAPH
212955_s_at,POLR2I
212968_at,RFNG
212970_at,APBB2
212973_at,RPIA
212983_at,HRAS
212989_at,SGMS1
212993_at,NACC2
212999_x_at,HLA-DQB1
212999_x_at,HLA-DQB2
213012_at,NEDD4
213013_at,LOC644172
213013_at,MAPK8IP1
213014_at,MAPK8IP1
213022_s_at,UTRN
213024_at,TMF1
213046_at,PABPN1
213059_at,CREB3L1
213110_s_at,COL4A5
213117_at,KLHL9
213132_s_at,MCAT
213139_at,SNAI2
213147_at,HOXA10
213168_at,SP3
213170_at,GPX7
213177_at,MAPK8IP3
213182_x_at,CDKN1C
213191_at,TICAM1
213194_at,ROBO1
213201_s_at,TNNT1
213202_at,SETD1A
213217_at,ADCY2
213245_at,ADCY1
213295_at,CYLD
213299_at,ZBTB7A
213302_at,PFAS
213320_at,PRMT3
213325_at,PVRL3
213342_at,YAP1
213361_at,TDRD7
213379_at,COQ2
213382_at,MST1L
213384_x_at,PLCB3
213386_at,TMEM246
213395_at,MLC1
213412_at,TJP3
213429_at,BICC1
213438_at,NFASC
213441_x_at,SPDEF
213450_s_at,ICOSLG
213456_at,SOSTDC1
213464_at,SHC2
213492_at,COL2A1
213511_s_at,MTMR1
213523_at,CCNE1
213539_at,CD3D
213540_at,HSD17B8
213546_at,DKFZP586I1420
213550_s_at,IK
213550_s_at,TMCO6
213569_at,LOC100506603
213587_s_at,ATP6V0E2
213623_at,KIF3A
213631_x_at,DHODH
213651_at,INPP5J
213662_at,FAM134B
213685_at,TCEB3-AS1
213686_at,VPS13A
213695_at,PON3
213706_at,COX14
213706_at,GPD1
213710_s_at,CALM1
213739_at,LOC103344931
213739_at,VTI1A
213767_at,KSR1
213780_at,TCHH
213795_s_at,PTPRA
213800_at,CFH
213826_s_at,H3F3A
213848_at,DUSP7
213870_at,COL11A2
213887_s_at,POLR2E
213906_at,MYBL1
213921_at,SST
213923_at,RAP2B
213927_at,MAP3K9
213929_at,EXPH5
213932_x_at,HLA-A
213943_at,TWIST1
213964_x_at,RPARP-AS1
213971_s_at,SUZ12
213971_s_at,SUZ12P1
213989_x_at,SETD4
214015_at,SOCS7
214018_at,GRIP1
214022_s_at,IFITM1
214023_x_at,TUBB2B
214038_at,CCL8
214045_at,LIAS
214054_at,DOK2
214062_x_at,NFKBIB
214078_at,LOC104968398
214084_x_at,NCF1
214088_s_at,FUT3
214095_at,SHMT2
214135_at,CLDN18
214139_at,ARID4B
214146_s_at,PPBP
214148_at,ITFG2
214148_at,LOC100507424
214151_s_at,CCPG1
214151_s_at,DYX1C1-CCPG1
214171_s_at,U2AF2
214180_at,MAN1C1
214183_s_at,TKTL1
214199_at,SFTPD
214203_s_at,LOC102724788
214203_s_at,PRODH
214238_at,GDF7
214257_s_at,SEC22B
214265_at,ITGA8
214303_x_at,MUC5AC
214348_at,TACR2
214365_at,TPM3
214390_s_at,BCAT1
214394_x_at,EEF1D
214394_x_at,EEF1DP1
214419_s_at,CYP2C9
214429_at,MTMR6
214430_at,GLA
214431_at,GMPS
214435_x_at,RALA
214438_at,HLX
214440_at,NAT1
214468_at,MYH6
214471_x_at,LHB
214476_at,TFF2
214487_s_at,RAP2A
214487_s_at,RAP2B
214489_at,FSHB
214493_s_at,INADL
214495_at,CACNG2
214498_at,ASIP
214504_at,ABO
214515_at,OR1E1
214518_at,PDHA2
214529_at,TSHB
214547_at,ADCY10
214557_at,PTTG2
214567_s_at,XCL1
214567_s_at,XCL2
214569_at,IFNA5
214571_at,FGF3
214598_at,CLDN8
214602_at,COL4A4
214607_at,PAK3
214614_at,MNX1
214621_at,GYS2
214622_at,CYP21A1P
214622_at,CYP21A2
214630_at,CYP11B2
214635_at,CLDN9
214637_at,OSM
214641_at,COL4A3
214652_at,DRD1
214710_s_at,CCNB1
214757_at,PMS2P2
214762_at,ATP6V1G2
214777_at,IGKV4-1
214781_at,SHANK1
214786_at,MAP3K1
214805_at,EIF4A1
214807_at,PLXDC2
214808_at,TRIM56
214809_at,LOC100294145
214819_at,IQSEC2
214825_at,FAM155A
214836_x_at,IGK
214836_x_at,IGKC
214836_x_at,IGKV1-5
214836_x_at,IGKV2-28
214836_x_at,IGKV2D-28
214854_at,LOC105372239
214858_at,PP14571
214865_at,DOT1L
214871_x_at,LOC100287590
214896_at,LINC01314
214903_at,SYT2
214940_s_at,SMG6
214947_at,FAM105A
214994_at,APOBEC3F
214995_s_at,APOBEC3F
214995_s_at,APOBEC3G
215029_at,AKIRIN1
215054_at,EPOR
215054_at,RGL3
215056_at,PGBD5
215075_s_at,GRB2
215078_at,LOC100129518
215078_at,SOD2
215116_s_at,DNM1
215129_at,PIK3C2G
215145_s_at,CNTNAP2
215150_at,YOD1
215176_x_at,IGKV1-39
215176_x_at,IGKV1D-39
215193_x_at,HLA-DRB1
215193_x_at,HLA-DRB3
215193_x_at,HLA-DRB4
215193_x_at,LOC105369230
215211_at,RRN3P1
215229_at,LOC100129973
215231_at,PRKAG2
215242_at,LOC102724528
215242_at,PIGC
215270_at,LFNG
215271_at,TNN
215298_at,LOC105377443
215307_at,ZNF529
215309_at,ZNF674
215322_at,LONRF1
215324_at,SEMA3D
215331_at,MYH15
215349_at,BTBD18
215354_s_at,PELP1
215420_at,IHH
215421_at,LOC100131510
215430_at,GK2
215432_at,ACSM1
215470_at,GTF2H2B
215486_at,PRPS1L1
215501_s_at,DUSP10
215503_at,SPINT3
215504_x_at,ANKRD10-IT1
215516_at,LAMB4
215535_s_at,AGPAT1
215542_at,C14orf93
215590_x_at,ACVR2B-AS1
215594_at,ERV9-1
215597_x_at,LOC101929165
215617_at,SPATS2L
215624_at,TSC2
215627_at,LOC101926913
215664_s_at,EPHA5
215668_s_at,PLXNB1
215679_at,LUNAR1
215689_s_at,SHBG
215721_at,IGHG1
215721_at,IGHV5-51
215732_s_at,DTX2
215736_at,KCNV1
215738_at,LINC00563
215766_at,GSTA5
215769_at,TRAV16
215776_at,INSRR
215777_at,IGLV4-60
215795_at,MYH7B
215809_at,CYP2D7
215841_at,GUCA1B
215876_at,LOC105376196
215885_at,SSX2B
215892_at,ZNF440
215894_at,PTGDR
215906_at,Igk
215914_at,LOC105375582
215925_s_at,CD72
215940_at,LINC01361
215966_x_at,GK3P
215970_at,LOC100130331
215981_at,LOC100505534
216026_s_at,POLE
216058_s_at,CYP2C19
216107_at,PP13
216108_at,LOC105373738
216133_at,TRAV21
216236_s_at,SLC2A14
216236_s_at,SLC2A3
216262_s_at,TGIF2
216264_s_at,LAMB2
216265_x_at,MYH7
216288_at,CYSLTR1
216310_at,TAOK1
216316_x_at,GK
216316_x_at,GK3P
216323_x_at,TUBA3D
216326_s_at,HDAC3
216354_at,RPL12P11
216365_x_at,IGLJ3
216365_x_at,IGLL5
216365_x_at,IGLV3-19
216376_x_at,ANOS2P
216385_at,LOC220077
216401_x_at,IGKV1-37
216401_x_at,IGKV1D-37
216403_at,SP3P
216408_at,OR2B2
216417_x_at,HOXB9
216421_at,RPL27AP
216422_at,PA2G4P2
216438_s_at,TMSB4X
216459_x_at,DDR1-AS1
216460_at,LOC101927181
216522_at,OR2B6
216543_at,GS1-600G8.3
216552_x_at,KIR2DS4
216557_x_at,IGHA1
216557_x_at,IGHD
216557_x_at,IGHG1
216557_x_at,IGHG3
216557_x_at,IGHM
216557_x_at,IGHV3-21
216557_x_at,IGHV3-48
216557_x_at,IGHV3-71
216557_x_at,IGHV4-31
216558_x_at,IGHA1
216558_x_at,IGHD
216558_x_at,IGHG1
216558_x_at,IGHG2
216558_x_at,IGHG3
216558_x_at,IGHM
216558_x_at,IGHV3-30
216558_x_at,IGHV3-33
216558_x_at,IGHV4-31
216562_at,SRMP1
216569_at,FABP3P2
216573_at,IGLL5
216573_at,IGLV1-40
216573_at,IGLV1-44
216573_at,IGLV1-50
216577_at,RPS11P1
216578_at,TRBV5-2
216583_x_at,NHP2P2
216585_at,HIST1H2APS4
216587_s_at,FZD8
216590_at,GNAT3
216598_s_at,CCL2
216608_at,DKFZP434A062
216617_s_at,MAG
216619_at,GTPBP10
216619_at,LOC101927446
216664_at,LOC101929148
216676_x_at,KIR3DL3
216690_at,OR7C1
216706_x_at,IGHD3-16
216711_s_at,TAF1
216771_at,LOC101926997
216789_at,TMEM92-AS1
216793_x_at,LOC100289518
216808_at,MIR622
216818_s_at,OR2J1
216818_s_at,OR2J2
216828_at,MLLT10P1
216830_at,HERC2
216830_at,HERC2P10
216856_s_at,RPL18P10
216857_at,TRBV21-1
216874_at,LOC100505498
216952_s_at,LMNB2
216980_s_at,SPN
216994_s_at,RUNX2
217009_at,PGK2
217013_at,AZGP1P1
217015_at,RBBP4P4
217030_at,LOC101929550
217039_x_at,ELK2AP
217042_at,RDH11
217045_x_at,NCR2
217056_at,TRAJ20
217056_at,TRAV36DV7
217060_at,TRBV16
217083_at,ZCWPW2
217115_at,MKRN7P
217125_at,UBBP2
217145_at,IGK
217145_at,IGKC
217145_at,IGKJ3
217145_at,IGKV1-33
217145_at,IGKV1D-33
217145_at,IGKV2-29
217145_at,IGKV3D-15
217166_at,PTMAP1
217170_at,TRAV8-6
217183_at,SPC24
217186_at,ZNF259P1
217191_x_at,COX6CP1
217198_x_at,IGH
217198_x_at,IGHA2
217198_x_at,IGHD
217198_x_at,IGHG1
217198_x_at,IGHV4-31
217198_x_at,IGHV4-61
217198_x_at,LOC102723407
217211_at,ACTBP9
217217_at,IGH
217217_at,SKAP2
217224_at,OR1E3
217249_x_at,COX7A2P2
217277_at,IGLVIVOR22-1
217302_at,OR2F2
217316_at,OR7A10
217320_at,IGHV3-72
217326_x_at,IL23A
217334_at,OR2J3
217376_at,LOC100289473
217376_at,LOC105369219
217380_s_at,ADD3-AS1
217386_at,MRPS11P1
217394_at,TRAV13-1
217397_at,TRAV10
217412_at,TRAV9-2
217414_x_at,HBA2
217439_at,LOC101928278
217442_at,CADM3-AS1
217443_at,LOC106699570
217468_at,CYP2D6
217471_at,LINC01482
217478_s_at,HLA-DMA
217515_s_at,CACNA1S
217520_x_at,LOC283683
217540_at,NXPE3
217545_at,MYH14
217598_at,CINP
217610_at,SPDYE2
217631_at,GTPBP4
217663_at,ZNF234
217665_at,ZNF813
217667_at,SEC14L1P1
217668_at,LRRC75B
217677_at,PLEKHA2
217681_at,WNT7B
217702_at,IL27RA
217702_at,RLN3
217714_x_at,MIR3917
217714_x_at,STMN1
217716_s_at,SEC61A1
217723_x_at,HOTS
217729_s_at,AES
217735_s_at,EIF2AK1
217748_at,ADIPOR1
217751_at,GSTK1
217754_at,DDX56
217767_at,C3
217784_at,YKT6
217787_s_at,GALNT2
217791_s_at,ALDH18A1
217808_s_at,MAPKAP1
217810_x_at,LARS
217815_at,SUPT16H
217817_at,ARPC4
217839_at,TFG
217840_at,DDX41
217841_s_at,PPME1
217844_at,CTDSP1
217846_at,QARS
217862_at,PIAS1
217867_x_at,BACE2
217871_s_at,MIF
217874_at,SUCLG1
217876_at,GTF3C5
217878_s_at,CDC27
217886_at,EPS15
217888_s_at,ARFGAP1
217892_s_at,LIMA1
217900_at,IARS2
217904_s_at,BACE1
217927_at,SPCS1
217930_s_at,TOLLIP
217934_x_at,STUB1
217937_s_at,HDAC7
217958_at,TRAPPC4
217963_s_at,NGFRAP1
217971_at,LAMTOR3
217973_at,DCXR
217990_at,GMPR2
217993_s_at,MAT2B
218003_s_at,FKBP3
218021_at,DHRS4
218021_at,DHRS4L1
218021_at,DHRS4L2
218025_s_at,ECI2
218030_at,GIT1
218070_s_at,GMPPA
218080_x_at,FAF1
218083_at,PTGES2
218100_s_at,IFT57
218102_at,DERA
218111_s_at,CMAS
218117_at,RBX1
218120_s_at,HMOX2
218122_s_at,SENP2
218127_at,NFYB
218131_s_at,GATAD2A
218143_s_at,SCAMP2
218153_at,CARS2
218182_s_at,CLDN1
218189_s_at,NANS
218205_s_at,MKNK2
218215_s_at,NR1H2
218225_at,ECSIT
218231_at,NAGK
218232_at,C1QA
218257_s_at,UGGT1
218258_at,POLR1D
218266_s_at,NCS1
218285_s_at,BDH2
218302_at,PSENEN
218311_at,MAP4K3
218313_s_at,GALNT7
218318_s_at,NLK
218320_s_at,NDUFB11
218322_s_at,ACSL5
218329_at,PRDM4
218332_at,BEX1
218335_x_at,TNIP2
218338_at,PHC1
218341_at,PPCS
218346_s_at,SESN1
218365_s_at,DARS2
218368_s_at,TNFRSF12A
218375_at,NUDT9
218380_at,LOC728392
218397_at,FANCL
218421_at,CERK
218433_at,PANK3
218434_s_at,AACS
218440_at,MCCC1
218444_at,ALG12
218457_s_at,DNMT3A
218468_s_at,GREM1
218470_at,YARS2
218487_at,ALAD
218498_s_at,ERO1A
218508_at,DCP1A
218511_s_at,PNPO
218517_at,JADE1
218523_at,LHPP
218525_s_at,HIF1AN
218533_s_at,UCKL1
218540_at,THTPA
218547_at,DHDDS
218555_at,ANAPC2
218573_at,MAGEH1
218575_at,ANAPC1
218575_at,LOC102724642
218580_x_at,AURKAIP1
218608_at,ATP13A2
218609_s_at,NUDT2
218619_s_at,SUV39H1
218629_at,SMO
218636_s_at,MAN1B1
218648_at,CRTC3
218662_s_at,NCAPG
218664_at,MECR
218665_at,FZD4
218688_at,TKFC
218689_at,FANCF
218696_at,EIF2AK3
218702_at,SARS2
218718_at,PDGFC
218725_at,SLC25A22
218748_s_at,EXOC5
218751_s_at,FBXW7
218755_at,KIF20A
218759_at,DVL2
218760_at,COQ6
218761_at,RNF111
218769_s_at,ANKRA2
218771_at,PANK4
218795_at,ACP6
218797_s_at,SIRT7
218806_s_at,VAV3
218809_at,PANK2
218817_at,SPCS3
218832_x_at,ARRB1
218843_at,FNDC4
218857_s_at,ASRGL1
218863_s_at,TNS1
218866_s_at,POLR3K
218869_at,MLYCD
218871_x_at,CSGALNACT2
218877_s_at,TRMT11
218878_s_at,SIRT1
218885_s_at,GALNT12
218902_at,NOTCH1
218923_at,CTBS
218927_s_at,CHST12
218927_s_at,LOC101927181
218942_at,PIP4K2C
218944_at,PYCRL
218950_at,ARAP3
218975_at,COL5A3
219013_at,GALNT11
219017_at,ETNK1
219019_at,PIDD1
219024_at,PLEKHA1
219039_at,SEMA4C
219048_at,PIGN
219066_at,PPCDC
219080_s_at,CTPS2
219082_at,AMDHD2
219084_at,NSD1
219095_at,JMJD7-PLA2G4B
219095_at,PLA2G4B
219105_x_at,ORC6
219111_s_at,DDX54
219115_s_at,IL20RA
219133_at,OXSM
219150_s_at,ADAP1
219162_s_at,MRPL11
219181_at,LIPG
219191_s_at,BIN2
219198_at,GTF3C4
219213_at,JAM2
219217_at,NARS2
219222_at,RBKS
219232_s_at,EGLN3
219238_at,PIGV
219241_x_at,SSH3
219255_x_at,IL17RB
219257_s_at,SPHK1
219259_at,SEMA4A
219263_at,RNF128
219264_s_at,LOC102724991
219264_s_at,LOC102725016
219264_s_at,PPP2R3B
219268_at,ETNK2
219277_s_at,OGDHL
219283_at,C1GALT1C1
219290_x_at,DAPP1
219304_s_at,PDGFD
219305_x_at,FBXO2
219306_at,KIF15
219308_s_at,AK5
219321_at,MPP5
219323_s_at,IL18BP
219326_s_at,B3GNT2
219330_at,VANGL1
219339_s_at,EHMT1
219349_s_at,EXOC2
219350_s_at,DIABLO
219364_at,DHX58
219370_at,RPRM
219373_at,DPM3
219374_s_at,ALG9
219400_at,CNTNAP1
219403_s_at,HPSE
219407_s_at,LAMC3
219408_at,PRMT7
219409_at,SNIP1
219422_at,ESPN
219424_at,EBI3
219431_at,ARHGAP10
219433_at,BCOR
219439_at,C1GALT1
219464_at,CA14
219465_at,APOA2
219480_at,SNAI1
219483_s_at,PORCN
219488_at,A4GALT
219500_at,CLCF1
219508_at,GCNT3
219511_s_at,SNCAIP
219516_at,TRPV4
219519_s_at,SIGLEC1
219521_at,B3GAT1
219524_s_at,NDUFAF5
219537_x_at,DLL3
219547_at,COX15
219550_at,ROBO3
219553_at,NME7
219578_s_at,CPEB1
219584_at,PLA1A
219612_s_at,FGG
219613_s_at,SIRT6
219618_at,IRAK4
219624_at,BAG4
219632_s_at,TRPV1
219634_at,CHST11
219649_at,ALG6
219672_at,AHSP
219675_s_at,UXS1
219683_at,FZD3
219687_at,HHAT
219689_at,SEMA3G
219692_at,KREMEN2
219693_at,AGPAT4
219695_at,SMPD3
219708_at,NT5M
219712_s_at,SHPK
219712_s_at,TRPV1
219713_at,SHPK
219714_s_at,CACNA2D3
219723_x_at,AGPAT3
219726_at,NLGN3
219733_s_at,SLC27A5
219743_at,HEY2
219744_at,FN3K
219764_at,FZD10
219769_at,INCENP
219773_at,NOX4
219792_at,AGMAT
219799_s_at,DHRS9
219800_s_at,THNSL1
219803_at,ANGPTL3
219808_at,SCLY
219825_at,CYP26B1
219841_at,AICDA
219847_at,HDAC11
219880_at,CTC-338M12.4
219889_at,FRAT1
219907_at,FRS3
219908_at,DKK2
219920_s_at,GMPPB
219934_s_at,SULT1E1
219942_at,MYL7
219948_x_at,UGT2A3
219950_s_at,TIAM2
219954_s_at,GBA3
219956_at,GALNT6
219971_at,IL21R
219975_x_at,OLAH
219993_at,SOX17
220026_at,CLCA4
220047_at,SIRT4
220048_at,EDAR
220049_s_at,PDCD1LG2
220052_s_at,TINF2
220056_at,IL22RA1
220066_at,NOD2
220069_at,TUBA8
220081_x_at,HSD17B7
220087_at,BCO1
220088_at,C5AR1
220089_at,L2HGDH
220092_s_at,ANTXR1
220108_at,GNA14
220130_x_at,LTB4R2
220138_at,HAND1
220139_at,DNMT3L
220146_at,TLR7
220153_at,ENTPD7
220157_x_at,PLEKHA8P1
220189_s_at,MGAT4B
220197_at,ATP6V0A4
220224_at,HAO1
220231_at,PPP1R17
220232_at,SCD5
220237_at,ATG3
220255_at,FANCE
220256_s_at,OXCT2
220256_s_at,OXCT2P1
220273_at,IL17B
220275_at,CUZD1
220277_at,CXXC4
220304_s_at,CNGB3
220307_at,CD244
220310_at,TUBAL3
220317_at,LRAT
220332_at,CLDN16
220333_at,PAQR5
220336_s_at,GP6
220343_at,PDE7B
220356_at,CORIN
220365_at,ALLC
220366_at,ELSPBP1
220375_s_at,C5orf66
220394_at,FGF20
220396_at,LOC105369820
220402_at,TP53AIP1
220414_at,CALML5
220423_at,PLA2G2D
220442_at,GALNT4
220442_at,POC1B-GALNT4
220470_at,BET1L
220480_at,HAND2
220489_s_at,SERINC2
220506_at,GUCY1B2
220507_s_at,UPB1
220533_at,LOC105376204
220552_at,TRPC5
220565_at,CCR10
220566_at,PIK3R5
220570_at,RETN
220604_x_at,FTCD
220611_at,DAB1
220630_s_at,CHIA
220638_s_at,CBLC
220640_at,CSNK1G1
220643_s_at,FAIM
220668_s_at,DNMT3B
220675_s_at,PNPLA3
220683_at,RDH8
220684_at,TBX21
220687_at,LOC101927550
220713_at,DENND6B
220737_at,RPS6KA6
220745_at,IL19
220761_s_at,TAOK3
220768_s_at,CSNK1G3
220773_s_at,GPHN
220780_at,PLA2G3
220781_at,DEC1
220801_s_at,HAO2
220805_at,HRH2
220806_x_at,GNG13
220813_at,CYSLTR2
220816_at,LPAR3
220817_at,TRPC4
220829_s_at,B3GALT1
220831_at,GCNT4
220832_at,TLR8
220837_at,LOC100996325
220846_s_at,LOC100506504
220864_s_at,NDUFA13
220867_s_at,SLC24A2
220890_s_at,APOLD1
220890_s_at,DDX47
220892_s_at,PSAT1
220927_s_at,HPSE2
220944_at,PGLYRP4
220955_x_at,RAB23
220956_s_at,EGLN2
220956_s_at,RAB4B-EGLN2
220966_x_at,ARPC5L
220971_at,IL25
220997_s_at,DIAPH3
221005_s_at,PTDSS2
221009_s_at,ANGPTL4
221016_s_at,TCF7L1
221027_s_at,PLA2G12A
221029_s_at,WNT5B
221036_s_at,APH1B
221039_s_at,ASAP1
221051_s_at,NMRK2
221073_s_at,NOD1
221083_at,KCNQ4
221089_at,NOX3
221092_at,IKZF3
221109_at,LOC100506571
221110_x_at,PDE11A
221113_s_at,WNT16
221134_at,ANGPT4
221141_x_at,EPN1
221142_s_at,PECR
221163_s_at,MLXIPL
221165_s_at,IL22
221166_at,FGF23
221179_at,PRORY
221183_at,LOC100507388
221186_at,LOC100131532
221189_s_at,TARS2
221197_s_at,CHAT
221200_at,ERVK3-2
221210_s_at,NPL
221218_s_at,TPK1
221223_x_at,CISH
221227_x_at,COQ3
221240_s_at,B3GNT4
221268_s_at,SGPP1
221271_at,IL21
221291_at,ULBP2
221292_at,PTCH2
221304_at,UGT1A8
221305_s_at,UGT1A8
221305_s_at,UGT1A9
221308_at,FRS2
221310_at,FGF14
221323_at,ULBP1
221324_at,TAS2R1
221328_at,CLDN17
221329_at,OR52A1
221330_at,CHRM2
221331_x_at,CTLA4
221333_at,FOXP3
221339_at,OR10C1
221341_s_at,OR1D5
221343_at,OR11A1
221344_at,OR12D2
221346_at,OR10J1
221347_at,CHRM5
221353_at,OR3A1
221355_at,CHRNG
221357_at,CHRM4
221359_at,GDNF
221362_at,HTR5A
221364_at,GRID2
221366_at,NKX6-1
221367_at,MOS
221368_at,NEU2
221371_at,TNFSF18
221374_at,FGF16
221375_at,OR1G1
221376_at,FGF17
221377_s_at,RBPJL
221378_at,CER1
221384_at,UCP1
221386_at,OR3A2
221388_at,OR1A1
221389_at,PLA2G2E
221391_at,TAS2R14
221392_at,TAS2R4
221395_at,TAS2R13
221396_at,TAS2R7
221397_at,TAS2R10
221398_at,TAS2R8
221399_at,EDA2R
221402_at,OR1F1
221407_at,GJD2
221409_at,OR2S2
221416_at,PLA2G2F
221417_x_at,S1PR5
221424_s_at,OR51E2
221426_s_at,OR3A3
221428_s_at,TBL1XR1
221431_s_at,OR12D3
221433_at,FGF21
221435_x_at,HYI
221444_at,TAS2R16
221445_at,OR1A2
221451_s_at,OR2W1
221453_at,G6PC2
221455_s_at,LOC101929777
221455_s_at,WNT3
221456_at,TAS2R3
221460_at,OR2C1
221461_at,TAS2R9
221463_at,CCL24
221464_at,OR1D2
221465_at,OR6A2
221467_at,MC4R
221474_at,MYL12B
221484_at,B4GALT5
221489_s_at,SPRY4
221491_x_at,HLA-DQB1
221491_x_at,HLA-DRB1
221491_x_at,HLA-DRB2
221491_x_at,HLA-DRB3
221491_x_at,HLA-DRB4
221491_x_at,HLA-DRB5
221491_x_at,HLA-DRB6
221491_x_at,HLA-DRB7
221491_x_at,HLA-DRB8
221491_x_at,LOC105369230
221497_x_at,EGLN1
221515_s_at,LCMT1
221520_s_at,CDCA8
221530_s_at,BHLHE41
221539_at,EIF4EBP1
221561_at,SOAT1
221562_s_at,SIRT3
221585_at,CACNG4
221586_s_at,E2F5
221601_s_at,FCMR
221605_s_at,PIPOX
221608_at,WNT6
221616_s_at,TAF9B
221621_at,SNHG20
221630_s_at,DDX4
221659_s_at,MYL10
221664_s_at,F11R
221669_s_at,ACAD8
221689_s_at,PIGP
221725_at,WASF2
221729_at,COL5A2
221736_at,RALGAPB
221737_at,GNA12
221761_at,ADSS
221799_at,CHPF2
221814_at,ADGRA2
221817_at,DOLPP1
221835_at,DTX3
221855_at,SDHAF1
221942_s_at,GUCY1A3
221963_x_at,ZNF587B
221973_at,LOC100506076
221973_at,LOC100506123
222005_s_at,GNG3
222009_at,CEMP1
222013_x_at,EEF2KMT
222025_s_at,OPLAH
222048_at,CRYBB2P1
222066_at,LOC105372602
222077_s_at,RACGAP1
222090_at,NDUFB2-AS1
222094_at,LOC105369236
222094_at,SLX1A
222094_at,SLX1A-SULT1A3
222094_at,SLX1B
222094_at,SLX1B-SULT1A4
222096_x_at,LOC105376064
222096_x_at,LOC105379438
222096_x_at,LOC105379447
222102_at,GSTA3
222127_s_at,EXOC1
222144_at,KIF17
222175_s_at,MED15
222191_s_at,B4GALT7
222240_s_at,ISYNA1
222254_at,COX6CP2
222256_s_at,JMJD7
222256_s_at,JMJD7-PLA2G4B
222271_at,LOC105371267
222276_at,METTL2B
222279_at,HLA-F-AS1
222279_at,RPL23AP1
222281_s_at,C1orf186
222281_s_at,LOC100505650
222314_x_at,EGOT
222315_at,LOC100996756
222334_at,C1orf186
222345_at,EMC10
222346_at,LAMA1
222361_at,TUBBP5
222364_at,SLC44A1
